"","st_lct_","OBJECTID","fire_id","fire_name","ignition_d","capture_da","extinguish","fire_type","ignition_c","capt_metho","area_ha","perim_km","state","agency","Shape__Are","Shape__Len"
"1","WAADAL0001",96401,"17","DEVONIAN REEF CP",2009-10-17,NA,NA,"Bushfire","Incendiary","Landsat",173289,962,"WA (Western Australia)","WA DFES",0.153887000258692,6.96199997300147
"6","WAAHAM0006",23402,"001","Cocklebiddy",2017-01-19,NA,NA,"Bushfire","Natural","Multiple",47970,227,"WA (Western Australia)","WA DFES",0.045859225326012,2.21690212280382
"11","WAAMAL0001",23402,"001","Cocklebiddy",2017-01-19,NA,NA,"Bushfire","Natural","Multiple",47970,227,"WA (Western Australia)","WA DFES",0.045859225326012,2.21690212280382
"16","QDAEIU0001",59603,NA,"Blackbraes National Park/2014/P/2",2014-07-08,NA,2014-07-16,"Prescribed Burn",NA,NA,1104,16,"QLD (Queensland)","QPWS",0.000950040678617,0.152801783849304
"21","QDAEIU0002",59603,NA,"Blackbraes National Park/2014/P/2",2014-07-08,NA,2014-07-16,"Prescribed Burn",NA,NA,1104,16,"QLD (Queensland)","QPWS",0.000950040678617,0.152801783849304
"26","SAAKAN0007",149604,"0",NA,1970-12-16,NA,NA,"Bushfire",NA,"Aerial photography",36676,736,"SA (South Australia)","SA DEW",0.038461370555524,2.78825070383225
"31","SATFLB0026",14804,"0",NA,1983-02-16,NA,NA,"Bushfire",NA,"Unknown",9148,273,"SA (South Australia)","SA DEW",0.009639987521496,1.58034754540408
"36","WAAJAF0001",52404,"999",NA,1971-09-16,NA,NA,"Prescribed Burn",NA,"Aerial photography",15313,68,"WA (Western Australia)","WA DFES",0.015067731303134,0.677255846475274
"41","QDACYP0018",83806,NA,"Jardine River National Park/2009/P/1",2009-10-15,NA,NA,"Prescribed Burn",NA,NA,39428,119,"QLD (Queensland)","QPWS",0.032621737814566,1.08028280102381
"46","QDAGUP0029",103406,NA,"Staaten River National Park/2008/P/1",2008-11-28,NA,2008-11-28,"Prescribed Burn",NA,NA,14260,57,"QLD (Queensland)","QPWS",0.012089786998786,0.529106547654698
"51","QDAGUP0030",103406,NA,"Staaten River National Park/2008/P/1",2008-11-28,NA,2008-11-28,"Prescribed Burn",NA,NA,14260,57,"QLD (Queensland)","QPWS",0.012089786998786,0.529106547654698
"56","QDAGUP0031",103406,NA,"Staaten River National Park/2008/P/1",2008-11-28,NA,2008-11-28,"Prescribed Burn",NA,NA,14260,57,"QLD (Queensland)","QPWS",0.012089786998786,0.529106547654698
"61","WAAPIL0003",212007,"999",NA,1989-11-28,NA,NA,"Unknown",NA,"Landsat",1384,95,"WA (Western Australia)","WA DFES",0.001273510908277,0.532847799733371
"66","QDAGUP0029",130211,NA,"Staaten River National Park/2010/P/2",2010-10-15,NA,2010-11-15,"Prescribed Burn",NA,NA,92638,176,"QLD (Queensland)","QPWS",0.078504483404686,1.62398987756162
"71","QDAGUP0030",130211,NA,"Staaten River National Park/2010/P/2",2010-10-15,NA,2010-11-15,"Prescribed Burn",NA,NA,92638,176,"QLD (Queensland)","QPWS",0.078504483404686,1.62398987756162
"76","QDAGUP0031",130211,NA,"Staaten River National Park/2010/P/2",2010-10-15,NA,2010-11-15,"Prescribed Burn",NA,NA,92638,176,"QLD (Queensland)","QPWS",0.078504483404686,1.62398987756162
"81","SAAKAN0007",256411,"0",NA,1991-12-31,NA,NA,"Bushfire",NA,"Unknown",24866,339,"SA (South Australia)","SA DEW",0.025753526643712,1.28604617961572
"86","WAASWA0004",60210,"SWC_092","SWC_092",2005-09-16,NA,NA,"Prescribed Burn",NA,"Aerial photography",351,7,"WA (Western Australia)","WA DFES",0.000332904802463,0.070993889543941
"91","WAAPIL0017",276813,"999",NA,2018-09-18,NA,NA,"Prescribed Burn",NA,"Landsat",15114,414,"WA (Western Australia)","WA DFES",0.014219192047221,1.85109205951565
"96","WAALSD0002",311415,"999",NA,2002-02-20,NA,NA,"Unknown",NA,"Landsat",115225,4877,"WA (Western Australia)","WA DFES",0.027237319248798,3.67640375428701
"101","QDAGUP0029",173416,NA,"Staaten River National Park/2015/W/3",2015-10-24,NA,NA,"Bushfire",NA,NA,195983,745,"QLD (Queensland)","QPWS",0.177761078990443,5.08821047872109
"106","QDAGUP0030",173416,NA,"Staaten River National Park/2015/W/3",2015-10-24,NA,NA,"Bushfire",NA,NA,195983,745,"QLD (Queensland)","QPWS",0.177761078990443,5.08821047872109
"111","QDAGUP0031",173416,NA,"Staaten River National Park/2015/W/3",2015-10-24,NA,NA,"Bushfire",NA,NA,195983,745,"QLD (Queensland)","QPWS",0.177761078990443,5.08821047872109
"116","WAAAVW0007",279416,"999",NA,1969-09-16,NA,NA,"Unknown",NA,"Landsat",12872,1114,"WA (Western Australia)","WA DFES",0.012900357466833,8.27594883600883
"121","WAAPIL0022",130616,"999",NA,1987-11-23,NA,NA,"Unknown",NA,"Landsat",14,3,"WA (Western Australia)","WA DFES",1.2489300161e-05,0.02978094412233
"126","NSAMDD0030",171618,"HR12030557592","BHI-Dunoak North SFAZ",2012-05-14,NA,2012-05-16,"Prescribed Burn",NA,NA,1134,19,"NSW (New South Wales)","NSW PWS",0.001074392947885,0.186151308745675
"131","QDAEIU0004",78218,NA,"Blackbraes National Park/2011/W/2",2011-10-14,NA,NA,"Bushfire",NA,NA,18785,97,"QLD (Queensland)","QPWS",0.016162099024768,0.901452632849142
"136","WAAPIL0004",8618,"999",NA,2007-02-14,NA,NA,"Unknown",NA,"Landsat",1901,51,"WA (Western Australia)","WA DFES",0.00170660273966,0.301360799048564
"141","WAAPIL0022",21018,"999",NA,2005-11-24,NA,NA,"Unknown",NA,"Landsat",32,5,"WA (Western Australia)","WA DFES",2.7648820378e-05,0.046305460276913
"146","SAAKAN0009",238020,"0",NA,1996-12-15,NA,NA,"Bushfire",NA,"Unknown",24273,187,"SA (South Australia)","SA DEW",0.025229352649603,1.25226020813799
"151","VCAAUA0001",190220,"999",NA,1939-01-01,NA,NA,"Bushfire",NA,NA,2384394,1431,"VIC (Victoria)","VIC DEECA",2.4217715401478,14.5062896280083
"156","VCAAUA0002",190220,"999",NA,1939-01-01,NA,NA,"Bushfire",NA,NA,2384394,1431,"VIC (Victoria)","VIC DEECA",2.4217715401478,14.5062896280083
"161","VCAAUA0003",190220,"999",NA,1939-01-01,NA,NA,"Bushfire",NA,NA,2384394,1431,"VIC (Victoria)","VIC DEECA",2.4217715401478,14.5062896280083
"166","VCAAUA0004",190220,"999",NA,1939-01-01,NA,NA,"Bushfire",NA,NA,2384394,1431,"VIC (Victoria)","VIC DEECA",2.4217715401478,14.5062896280083
"171","VCAAUA0005",190220,"999",NA,1939-01-01,NA,NA,"Bushfire",NA,NA,2384394,1431,"VIC (Victoria)","VIC DEECA",2.4217715401478,14.5062896280083
"176","VCAAUA0006",190220,"999",NA,1939-01-01,NA,NA,"Bushfire",NA,NA,2384394,1431,"VIC (Victoria)","VIC DEECA",2.4217715401478,14.5062896280083
"181","VCAAUA0007",190220,"999",NA,1939-01-01,NA,NA,"Bushfire",NA,NA,2384394,1431,"VIC (Victoria)","VIC DEECA",2.4217715401478,14.5062896280083
"186","VCAAUA0008",190220,"999",NA,1939-01-01,NA,NA,"Bushfire",NA,NA,2384394,1431,"VIC (Victoria)","VIC DEECA",2.4217715401478,14.5062896280083
"191","VCAAUA0009",190220,"999",NA,1939-01-01,NA,NA,"Bushfire",NA,NA,2384394,1431,"VIC (Victoria)","VIC DEECA",2.4217715401478,14.5062896280083
"196","VCAAUA0010",190220,"999",NA,1939-01-01,NA,NA,"Bushfire",NA,NA,2384394,1431,"VIC (Victoria)","VIC DEECA",2.4217715401478,14.5062896280083
"201","VCAAUA0011",190220,"999",NA,1939-01-01,NA,NA,"Bushfire",NA,NA,2384394,1431,"VIC (Victoria)","VIC DEECA",2.4217715401478,14.5062896280083
"206","VCAAUA0012",190220,"999",NA,1939-01-01,NA,NA,"Bushfire",NA,NA,2384394,1431,"VIC (Victoria)","VIC DEECA",2.4217715401478,14.5062896280083
"211","VCAAUA0013",190220,"999",NA,1939-01-01,NA,NA,"Bushfire",NA,NA,2384394,1431,"VIC (Victoria)","VIC DEECA",2.4217715401478,14.5062896280083
"216","VCAAUA0014",190220,"999",NA,1939-01-01,NA,NA,"Bushfire",NA,NA,2384394,1431,"VIC (Victoria)","VIC DEECA",2.4217715401478,14.5062896280083
"221","VCAAUA0015",190220,"999",NA,1939-01-01,NA,NA,"Bushfire",NA,NA,2384394,1431,"VIC (Victoria)","VIC DEECA",2.4217715401478,14.5062896280083
"226","WAAAVW0005",178820,"999",NA,2001-12-25,NA,NA,"Unknown",NA,"Landsat",20300,1724,"WA (Western Australia)","WA DFES",0.022215986930178,4.60951946014345
"231","WAAAVW0006",178820,"999",NA,2001-12-25,NA,NA,"Unknown",NA,"Landsat",20300,1724,"WA (Western Australia)","WA DFES",0.022215986930178,4.60951946014345
"236","WAAAVW0007",178820,"999",NA,2001-12-25,NA,NA,"Unknown",NA,"Landsat",20300,1724,"WA (Western Australia)","WA DFES",0.022215986930178,4.60951946014345
"241","WAAPIL0002",300020,"999",NA,2005-11-24,NA,NA,"Unknown",NA,"Landsat",70,9,"WA (Western Australia)","WA DFES",6.1387699589e-05,0.082982996886521
"246","QDABBS0002",94220,NA,"Carnarvon Station Fire/NP/W/2017/001",2017-10-28,NA,2017-11-27,"Bushfire",NA,NA,28316,78,"QLD (Queensland)","QPWS",0.025297429091779,0.741570299702944
"251","WAAJAF0001",162221,"999",NA,1980-04-01,NA,NA,"Prescribed Burn",NA,"Aerial photography",10776,58,"WA (Western Australia)","WA DFES",0.010593594144666,0.589937816388713
"256","WAANOK0007",254221,"EKM_022","Drysdale - Carson River",2015-04-18,NA,NA,"Prescribed Burn",NA,"Unknown",573192,601,"WA (Western Australia)","WA DFES",0.48126675038759,5.49978225076015
"261","WAAPIL0012",6020,"041","KNP VIGORS SOUTH",2015-11-24,NA,NA,"Bushfire","Natural","Landsat",7332,489,"WA (Western Australia)","WA DFES",0.007103601278459,2.60735354737226
"266","WAAPIL0013",6020,"041","KNP VIGORS SOUTH",2015-11-24,NA,NA,"Bushfire","Natural","Landsat",7332,489,"WA (Western Australia)","WA DFES",0.007103601278459,2.60735354737226
"271","SATFLB0011",237223,"390","Spring Creek Mine",2017-05-09,NA,NA,"Prescribed Burn",NA,"Unknown",161,5,"SA (South Australia)","SA DEW",0.000155239237756,0.051853840518066
"276","QDACYP0017",129424,NA,"Heathlands Regional Park/NP/W/2017/002",2017-03-20,NA,2016-12-20,"Bushfire",NA,NA,26835,272,"QLD (Queensland)","QPWS",0.022862500700285,2.13000027399987
"281","WAAJAF0001",177825,"F116_SPRING","F116_SPRING",2007-11-28,NA,NA,"Prescribed Burn",NA,"Ground intelligence GPS",8852,140,"WA (Western Australia)","WA DFES",0.010702050052942,0.56870776190942
"286","VCAAUA0011",148626,"999",NA,2007-01-01,NA,NA,"Bushfire",NA,NA,528,12,"VIC (Victoria)","VIC DEECA",0.000535022581062,0.121261961026104
"291","QDAEIU0001",110826,NA,"Blackbraes National Park/P/2016/003",2017-02-28,NA,2017-06-05,"Prescribed Burn",NA,NA,961,19,"QLD (Queensland)","QPWS",0.000827337412829,0.181074905292272
"296","QDAEIU0002",110826,NA,"Blackbraes National Park/P/2016/003",2017-02-28,NA,2017-06-05,"Prescribed Burn",NA,NA,961,19,"QLD (Queensland)","QPWS",0.000827337412829,0.181074905292272
"301","TCATCH0004",54226,"1620","Todds Corner (FT)",2001-01-03,NA,NA,"Bushfire","Incendiary",NA,624,18,"TAS (Tasmania)","TAS DNRE",0.000677832234032,0.203520044760537
"306","SAAFLB0005",311228,"201401090","Bangor",2014-01-15,NA,NA,"Bushfire",NA,"Aerial photography",33357,490,"SA (South Australia)","SA DEW",2.0430597033e-05,0.040855363381708
"311","WAALSD0003",228828,"999",NA,2000-12-31,NA,NA,"Bushfire","Undetermined","Landsat",42754,1434,"WA (Western Australia)","WA DFES",0.043128152010695,7.26645061895081
"316","WAAPIL0007",81028,"999",NA,2009-11-19,NA,NA,"Unknown",NA,"Landsat",2598,136,"WA (Western Australia)","WA DFES",0.00236045062411,1.04070193828108
"321","NSTSYB0002",73029,"9/99, 25","Sth Bowen Mounta",2001-11-16,NA,NA,"Prescribed Burn",NA,NA,20,11,"NSW (New South Wales)","NSW PWS",1.9205807348e-05,0.102849177942566
"326","QDAEIU0004",199430,NA,"Blackbraes National Park/2002/W/1",2002-12-06,NA,NA,"Bushfire",NA,NA,31266,96,"QLD (Queensland)","QPWS",0.026907497171123,0.89575267798512
"331","SAAFLB0005",311230,"201401090","Bangor",2014-01-15,NA,NA,"Bushfire",NA,"Aerial photography",33357,490,"SA (South Australia)","SA DEW",0.000334270939675,0.139480241065819
"336","SAAKAN0004",194630,"0",NA,1988-10-20,NA,NA,"Bushfire",NA,"Unknown",241,9,"SA (South Australia)","SA DEW",0.000240237103299,0.090937367731895
"341","WAACEK0003",64629,"015","Mt Broome 2",2016-10-31,NA,NA,"Bushfire","Natural","Landsat",61548,512,"WA (Western Australia)","WA DFES",0.056025001163107,3.69999997100437
"346","QDAEIU0001",200232,NA,"Blackbraes National Park/P/2021/001",2021-03-01,NA,2021-07-09,"Prescribed Burn",NA,NA,9046,462,"QLD (Queensland)","QPWS",0.007797123527553,4.18047577868899
"351","WAACEK0002",149032,"14","KING LEOPOLD RANGES",2008-09-25,NA,NA,"Unknown",NA,"Aerial photography",244588,337,"WA (Western Australia)","WA DFES",0.207539700635607,3.11698220323499
"356","SAAEYB0022",99232,"0",NA,1977-12-31,NA,NA,"Bushfire",NA,"Unknown",13829,148,"SA (South Australia)","SA DEW",0.013715897420298,1.0311607743963
"361","SAAEYB0023",99232,"0",NA,1977-12-31,NA,NA,"Bushfire",NA,"Unknown",13829,148,"SA (South Australia)","SA DEW",0.013715897420298,1.0311607743963
"366","SAAEYB0024",99232,"0",NA,1977-12-31,NA,NA,"Bushfire",NA,"Unknown",13829,148,"SA (South Australia)","SA DEW",0.013715897420298,1.0311607743963
"371","SAAKAN0005",16632,"0",NA,1986-12-31,NA,NA,"Bushfire",NA,"Unknown",4621,162,"SA (South Australia)","SA DEW",0.004985745492831,1.01056066694137
"376","WAAVIB0001",38232,"EKM_052","Parry Lagoons Ngamoowalem",2023-04-20,NA,NA,"Prescribed Burn",NA,"Multiple",108511,190,"WA (Western Australia)","WA DFES",0.091474500095728,1.73939737096818
"381","WAAVIB0002",38232,"EKM_052","Parry Lagoons Ngamoowalem",2023-04-20,NA,NA,"Prescribed Burn",NA,"Multiple",108511,190,"WA (Western Australia)","WA DFES",0.091474500095728,1.73939737096818
"386","SATKAN0001",258834,"0",NA,1983-12-31,NA,NA,"Bushfire",NA,"Unknown",724,12,"SA (South Australia)","SA DEW",0.000720349429685,0.124526272456916
"391","WAASWA0001",124835,"SWC_084","Lowlands",2022-04-22,NA,NA,"Prescribed Burn",NA,"Landsat",115,8,"WA (Western Australia)","WA DFES",0.000110822148827,0.062656963005502
"396","NSTSYB0005",210038,NA,"Blue Mountains fire",1957-11-01,NA,1957-12-31,"Bushfire",NA,NA,4360,73,"NSW (New South Wales)","NSW PWS",0.004238701530539,0.715361051929364
"401","QDAGUP0029",60637,NA,"Staaten River National Park/2003/W/2",2003-11-01,NA,NA,"Bushfire",NA,NA,865453,1263,"QLD (Queensland)","QPWS",0.756159431135302,7.88069180288356
"406","QDAGUP0030",60637,NA,"Staaten River National Park/2003/W/2",2003-11-01,NA,NA,"Bushfire",NA,NA,865453,1263,"QLD (Queensland)","QPWS",0.756159431135302,7.88069180288356
"411","QDAGUP0031",60637,NA,"Staaten River National Park/2003/W/2",2003-11-01,NA,NA,"Bushfire",NA,NA,865453,1263,"QLD (Queensland)","QPWS",0.756159431135302,7.88069180288356
"416","SAAFLB0006",311239,"201401090","Bangor",2014-01-15,NA,NA,"Bushfire",NA,"Aerial photography",33357,490,"SA (South Australia)","SA DEW",0.003504461908506,0.464946598797235
"421","WAAPIL0007",57838,"999",NA,2005-11-24,NA,NA,"Unknown",NA,"Landsat",53478,1683,"WA (Western Australia)","WA DFES",0.051826146374651,6.75195507089873
"426","WAAVIB0001",261639,"BF 2017 EKM 050","Matinea flat West",2018-05-14,NA,NA,"Unknown",NA,"Unknown",994,26,"WA (Western Australia)","WA DFES",0.000837500113448,0.234999952000183
"431","VCAAUA0013",180440,"031",NA,1998-01-01,NA,NA,"Bushfire",NA,NA,34121,174,"VIC (Victoria)","VIC DEECA",0.034740156539556,1.76818779208926
"436","VCAAUA0014",180440,"031",NA,1998-01-01,NA,NA,"Bushfire",NA,NA,34121,174,"VIC (Victoria)","VIC DEECA",0.034740156539556,1.76818779208926
"441","NSANAN0001",126440,"RFS-18867","Paleroo Creek Fire",2006-11-14,NA,2007-01-18,"Bushfire",NA,NA,13327,152,"NSW (New South Wales)","NSW PWS",0.013339343658572,1.24222882372265
"446","NSANAN0002",126440,"RFS-18867","Paleroo Creek Fire",2006-11-14,NA,2007-01-18,"Bushfire",NA,NA,13327,152,"NSW (New South Wales)","NSW PWS",0.013339343658572,1.24222882372265
"451","QDAMGD0027",167841,NA,"Camooweal Caves National Park/2009/W/1",2009-11-11,NA,NA,"Bushfire",NA,NA,51327,206,"QLD (Queensland)","QPWS",0.044316562702306,1.91498093520507
"456","QDAMII0002",167841,NA,"Camooweal Caves National Park/2009/W/1",2009-11-11,NA,NA,"Bushfire",NA,NA,51327,206,"QLD (Queensland)","QPWS",0.044316562702306,1.91498093520507
"461","WAAJAF0002",122840,"F_113","F_113",2004-05-07,NA,NA,"Prescribed Burn",NA,"Aerial photography",914,27,"WA (Western Australia)","WA DFES",0.000898275542795,0.2788357648566
"466","NSTSYB0001",263042,NA,"Apple Tree Creek",2002-07-03,NA,NA,"Prescribed Burn",NA,NA,201,23,"NSW (New South Wales)","NSW PWS",0.000195763878764,0.233765034876471
"471","WAADAL0001",128642,"DVR 01/08_AUTUMN","DVR 01/08_AUTUMN",2008-04-21,NA,NA,"Prescribed Burn",NA,"Aerial photography",2022,38,"WA (Western Australia)","WA DFES",0.001719282839758,0.356121243153292
"476","WAAVIB0001",68041,"BF 2017 EKM 002","Parry Lagoons",2017-07-09,NA,NA,"Unknown",NA,"Unknown",1647,45,"WA (Western Australia)","WA DFES",0.001387499918906,0.410000167004926
"481","SAAEYB0008",19842,"0",NA,1956-02-22,NA,NA,"Bushfire",NA,"Aerial photography",7441,119,"SA (South Australia)","SA DEW",0.007354519645105,1.17520094631214
"486","WAADAL0005",298243,"4","Coulomb Point",2014-08-11,NA,NA,"Bushfire","Incendiary","MODIS",423615,2115,"WA (Western Australia)","WA DFES",0.390537501225936,10.020000393
"491","QDAEIU0004",110044,NA,"Blackbraes Regional Park/2005/W/2",2005-12-13,NA,NA,"Bushfire",NA,NA,16011,104,"QLD (Queensland)","QPWS",0.013773329812238,0.961462658343705
"496","SAAKAN0009",7447,"200712066","Destrees",2007-12-06,NA,NA,"Bushfire",NA,"Aerial photography",16287,244,"SA (South Australia)","SA DEW",0.016834163599469,1.62455350437027
"501","WAAPIL0031",286848,"999",NA,2019-09-05,NA,NA,"Unknown",NA,"Landsat",311,14,"WA (Western Australia)","WA DFES",0.000279472415514,0.112809556824578
"506","WAAJAF0001",37848,"999",NA,1980-09-16,NA,NA,"Prescribed Burn",NA,"Aerial photography",7841,45,"WA (Western Australia)","WA DFES",0.007709586998772,0.452836282476634
"511","QDABBS0001",161050,NA,"Carnarvon National Park/2010/W/1",2009-10-31,NA,NA,"Bushfire",NA,NA,136629,350,"QLD (Queensland)","QPWS",0.121886487808297,3.30059712372537
"516","QDABBS0004",161050,NA,"Carnarvon National Park/2010/W/1",2009-10-31,NA,NA,"Bushfire",NA,NA,136629,350,"QLD (Queensland)","QPWS",0.121886487808297,3.30059712372537
"521","QDABBS0005",161050,NA,"Carnarvon National Park/2010/W/1",2009-10-31,NA,NA,"Bushfire",NA,NA,136629,350,"QLD (Queensland)","QPWS",0.121886487808297,3.30059712372537
"526","WAAVIB0002",206050,"EKM_007","Parry Lagoons Nature Res",2014-05-08,NA,NA,"Prescribed Burn",NA,"Multiple",5341,99,"WA (Western Australia)","WA DFES",0.006115987175463,0.680817204065543
"531","SAAKAN0009",53050,"865","Emmets Track Seal Bay",2021-06-01,NA,NA,"Prescribed Burn",NA,"Unknown",8,4,"SA (South Australia)","SA DEW",8.229179457e-06,0.042684638837207
"536","WAANOK0007",163051,"K015","OOMBULGURRI - DRYSDALE NP",2012-04-30,NA,NA,"Prescribed Burn",NA,"Landsat",1393749,927,"WA (Western Australia)","WA DFES",1.19998727952725,7.08557849560253
"541","NSTSYB0006",46852,"BMS-02-069","Mt Budgary",2003-01-06,NA,2003-02-18,"Bushfire",NA,NA,7879,65,"NSW (New South Wales)","NSW PWS",0.007630052364675,0.631505273872256
"546","SAAKAN0005",175053,"0",NA,1953-12-31,NA,NA,"Bushfire",NA,"Unknown",43298,156,"SA (South Australia)","SA DEW",0.043616069597647,1.38174815889435
"551","SAAKAN0006",175053,"0",NA,1953-12-31,NA,NA,"Bushfire",NA,"Unknown",43298,156,"SA (South Australia)","SA DEW",0.043616069597647,1.38174815889435
"556","SAAKAN0009",262455,"865","Emmets Track Seal Bay",2022-11-08,NA,NA,"Prescribed Burn",NA,"Unknown",45,7,"SA (South Australia)","SA DEW",4.9021122322e-05,0.033233043365003
"561","QDABBS0002",76855,NA,"Oakvale State Forest/2009/W/1",2009-09-14,NA,NA,"Bushfire",NA,NA,343606,385,"QLD (Queensland)","QPWS",0.307988244343733,3.64849288452904
"566","QDABBS0003",76855,NA,"Oakvale State Forest/2009/W/1",2009-09-14,NA,NA,"Bushfire",NA,NA,343606,385,"QLD (Queensland)","QPWS",0.307988244343733,3.64849288452904
"571","SAAKAN0004",161656,"201912031","KI Complex",2019-12-21,NA,NA,"Bushfire",NA,"Landsat",16312,199,"SA (South Australia)","SA DEW",0.018007597249834,1.22708651993754
"576","WAACEK0002",76255,"WKM_023","Wunaamin Miliwundi Ranges CP",2023-03-27,NA,NA,"Prescribed Burn",NA,"Multiple",945119,855,"WA (Western Australia)","WA DFES",0.819485399996665,7.34996226768395
"581","WAACEK0003",76255,"WKM_023","Wunaamin Miliwundi Ranges CP",2023-03-27,NA,NA,"Prescribed Burn",NA,"Multiple",945119,855,"WA (Western Australia)","WA DFES",0.819485399996665,7.34996226768395
"586","WAADAL0001",76255,"WKM_023","Wunaamin Miliwundi Ranges CP",2023-03-27,NA,NA,"Prescribed Burn",NA,"Multiple",945119,855,"WA (Western Australia)","WA DFES",0.819485399996665,7.34996226768395
"591","SASMDD0001",95458,"0",NA,1982-02-01,NA,NA,"Bushfire",NA,"Aerial photography",75,6,"SA (South Australia)","SA DEW",7.2899210863e-05,0.06603805512572
"596","SASMDD0018",70458,"0","Calperum",2007-09-13,NA,NA,"Bushfire",NA,"Unknown",73,12,"SA (South Australia)","SA DEW",7.1287497576e-05,0.120682780778583
"601","SASMDD0018",95458,"0",NA,1982-02-01,NA,NA,"Bushfire",NA,"Aerial photography",75,6,"SA (South Australia)","SA DEW",7.2899210863e-05,0.06603805512572
"606","VCAAUA0013",310459,"12",NA,2006-12-01,NA,NA,"Bushfire",NA,NA,684566,961,"VIC (Victoria)","VIC DEECA",0.259534284200072,3.2509407949452
"611","VCAAUA0014",310459,"12",NA,2006-12-01,NA,NA,"Bushfire",NA,NA,684566,961,"VIC (Victoria)","VIC DEECA",0.259534284200072,3.2509407949452
"616","VCAAUA0015",310459,"12",NA,2006-12-01,NA,NA,"Bushfire",NA,NA,684566,961,"VIC (Victoria)","VIC DEECA",0.259534284200072,3.2509407949452
"621","WAAJAF0001",73258,"999",NA,1985-09-16,NA,NA,"Prescribed Burn",NA,"Aerial photography",6005,35,"WA (Western Australia)","WA DFES",0.005905510382036,0.346478539824492
"626","QDAGUP0029",279462,NA,"Staaten River National Park/NP/W/2018/003",2018-11-29,NA,2018-12-08,"Bushfire",NA,NA,324864,2708,"QLD (Queensland)","QPWS",0.309362501328451,14.6150003380017
"631","QDAGUP0030",279462,NA,"Staaten River National Park/NP/W/2018/003",2018-11-29,NA,2018-12-08,"Bushfire",NA,NA,324864,2708,"QLD (Queensland)","QPWS",0.309362501328451,14.6150003380017
"636","QDAGUP0031",279462,NA,"Staaten River National Park/NP/W/2018/003",2018-11-29,NA,2018-12-08,"Bushfire",NA,NA,324864,2708,"QLD (Queensland)","QPWS",0.309362501328451,14.6150003380017
"641","WAAJAF0001",204662,"999",NA,1991-04-01,NA,NA,"Prescribed Burn",NA,"Aerial photography",16514,66,"WA (Western Australia)","WA DFES",0.016240574016138,0.671203939995184
"646","WAAPIL0034",63661,"999",NA,2018-09-27,NA,NA,"Prescribed Burn",NA,"Landsat",927,40,"WA (Western Australia)","WA DFES",0.000842041997885,0.304446421665307
"651","WAAVIB0002",138463,"EKM_043","Parry Lagoons - Ngamoowalem",2017-05-02,NA,NA,"Prescribed Burn",NA,"Unknown",68193,157,"WA (Western Australia)","WA DFES",0.057488722244784,1.43604113983039
"656","SATKAN0002",133665,"0",NA,1995-02-13,NA,NA,"Bushfire",NA,"Unknown",253,10,"SA (South Australia)","SA DEW",0.000250501580012,0.105650338113296
"661","SATKAN0002",209266,"0",NA,1983-02-16,NA,NA,"Bushfire",NA,"Unknown",15865,385,"SA (South Australia)","SA DEW",0.016539256552733,2.47084256329173
"666","QDAEIU0003",237867,NA,"Blackbraes National Park/NP/W/2022/001",2022-10-11,NA,2022-10-14,"Bushfire",NA,NA,2217,56,"QLD (Queensland)","QPWS",0.001906996212483,0.516660049294819
"671","NSTSYB0005",309468,NA,"Lawsons Long Alley",2006-11-14,NA,2007-01-03,"Bushfire",NA,NA,14644,150,"NSW (New South Wales)","NSW PWS",0.014222595247702,1.49272714738353
"676","NSTSYB0009",309468,NA,"Lawsons Long Alley",2006-11-14,NA,2007-01-03,"Bushfire",NA,NA,14644,150,"NSW (New South Wales)","NSW PWS",0.014222595247702,1.49272714738353
"681","SAAKAN0005",133268,"0",NA,1968-12-31,NA,NA,"Bushfire",NA,"Unknown",21526,78,"SA (South Australia)","SA DEW",0.021471552288858,0.807335306106976
"686","WAACEK0002",74867,"K001","KING LEOPOLD RANGE CP",2012-04-27,NA,NA,"Prescribed Burn",NA,"Landsat",421614,659,"WA (Western Australia)","WA DFES",0.370698972522518,5.41654651297476
"691","WAACEK0003",74867,"K001","KING LEOPOLD RANGE CP",2012-04-27,NA,NA,"Prescribed Burn",NA,"Landsat",421614,659,"WA (Western Australia)","WA DFES",0.370698972522518,5.41654651297476
"696","WAASWA0004",151668,"415092","SWC_092",2006-09-16,NA,NA,"Prescribed Burn",NA,"Landsat",263,11,"WA (Western Australia)","WA DFES",0.000249626363484,0.109951532869397
"701","QDAEIU0004",297469,NA,"Blackbraes Regional Park/2015/P/1",2015-04-22,NA,2015-05-05,"Prescribed Burn",NA,NA,19209,74,"QLD (Queensland)","QPWS",0.016529074540813,0.685748459194027
"706","QDACYP0016",276270,NA,"Heathlands Regional Park/2011/P/2",2011-09-20,NA,2011-10-04,"Prescribed Burn",NA,NA,3815,44,"QLD (Queensland)","QPWS",0.003161108065456,0.404404408742541
"711","SASMDD0001",183871,"0",NA,1973-10-05,NA,NA,"Bushfire",NA,"Unknown",35,4,"SA (South Australia)","SA DEW",3.4253802369e-05,0.042589606377841
"716","QDAEIU0001",205672,NA,"Blackbraes National Park/P/2022/001",2022-03-14,NA,2022-06-26,"Prescribed Burn",NA,NA,17142,545,"QLD (Queensland)","QPWS",0.015356020733634,4.64037549644592
"721","QDAEIU0002",205672,NA,"Blackbraes National Park/P/2022/001",2022-03-14,NA,2022-06-26,"Prescribed Burn",NA,NA,17142,545,"QLD (Queensland)","QPWS",0.015356020733634,4.64037549644592
"726","QDAEIU0004",131672,NA,"Blackbraes Regional Park/2008/P/1",2008-03-10,NA,2008-03-24,"Prescribed Burn",NA,NA,3789,77,"QLD (Queensland)","QPWS",0.003259424249791,0.71515329475201
"731","QDAEIU0004",205672,NA,"Blackbraes National Park/P/2022/001",2022-03-14,NA,2022-06-26,"Prescribed Burn",NA,NA,17142,545,"QLD (Queensland)","QPWS",0.015356020733634,4.64037549644592
"736","QDAEIU0005",309273,NA,"Canyon Regional Park/NP/W/2016/001",2016-11-11,NA,2016-12-19,"Bushfire",NA,NA,49395,118,"QLD (Queensland)","QPWS",0.042231968250007,1.08899688531275
"741","SAAKAN0002",310473,"201912036","Ravine",2019-12-30,NA,NA,"Bushfire",NA,"Aerial photography",184941,1359,"SA (South Australia)","SA DEW",0.006058322982881,0.939424434012098
"746","WAACEK0002",103872,"WKM_001","KING LEOPOLD NATIONAL PARK",2013-04-18,NA,NA,"Prescribed Burn",NA,"Unknown",456453,537,"WA (Western Australia)","WA DFES",0.387398735956822,4.96218721774396
"751","WAACEK0003",103872,"WKM_001","KING LEOPOLD NATIONAL PARK",2013-04-18,NA,NA,"Prescribed Burn",NA,"Unknown",456453,537,"WA (Western Australia)","WA DFES",0.387398735956822,4.96218721774396
"756","WAAPIL0020",239073,"999",NA,1991-11-18,NA,NA,"Unknown",NA,"Landsat",661,67,"WA (Western Australia)","WA DFES",0.000603197413511,0.468201286315067
"761","SAAKAN0005",310474,"201912036","Ravine",2019-12-30,NA,NA,"Bushfire",NA,"Aerial photography",184941,1359,"SA (South Australia)","SA DEW",0.146561744604696,3.70999164458625
"766","SAAKAN0006",310474,"201912036","Ravine",2019-12-30,NA,NA,"Bushfire",NA,"Aerial photography",184941,1359,"SA (South Australia)","SA DEW",0.146561744604696,3.70999164458625
"771","SAAKAN0007",310474,"201912036","Ravine",2019-12-30,NA,NA,"Bushfire",NA,"Aerial photography",184941,1359,"SA (South Australia)","SA DEW",0.146561744604696,3.70999164458625
"776","SAAKAN0003",310475,"201912036","Ravine",2019-12-30,NA,NA,"Bushfire",NA,"Aerial photography",184941,1359,"SA (South Australia)","SA DEW",0.023305027489187,1.57093472478613
"781","SATFLB0027",108075,"202101025","Cherry Gardens",2021-01-24,NA,NA,"Bushfire",NA,"Sentinel",2523,65,"SA (South Australia)","SA DEW",0.002509235087928,0.595777502849262
"786","WAAVIB0002",226476,"EKM_052","Parry Lagoons_Ngamoowalem",2019-03-28,NA,NA,"Prescribed Burn",NA,"Landsat",9188,1096,"WA (Western Australia)","WA DFES",0.009170054643619,6.42432571197491
"791","QDAEIU0001",239477,NA,"Blackbraes National Park/2011/P/3",2011-05-11,NA,2011-06-03,"Prescribed Burn",NA,NA,1113,16,"QLD (Queensland)","QPWS",0.000958236707447,0.152238201840554
"796","QDAEIU0002",239477,NA,"Blackbraes National Park/2011/P/3",2011-05-11,NA,2011-06-03,"Prescribed Burn",NA,NA,1113,16,"QLD (Queensland)","QPWS",0.000958236707447,0.152238201840554
"801","WAAPIL0003",168279,"999",NA,2014-04-23,NA,NA,"Unknown",NA,"Landsat",16371,862,"WA (Western Australia)","WA DFES",0.015842626614585,2.33224624384958
"806","SAAEYB0021",149080,"200611095","Hincks 2",2006-11-30,NA,NA,"Bushfire",NA,"Landsat",5190,76,"SA (South Australia)","SA DEW",0.005223473141996,0.50589649595642
"811","SAAEYB0023",149080,"200611095","Hincks 2",2006-11-30,NA,NA,"Bushfire",NA,"Landsat",5190,76,"SA (South Australia)","SA DEW",0.005223473141996,0.50589649595642
"816","QDAEIU0001",172082,NA,"Blackbraes National Park/P/2016/001",2016-02-23,NA,2016-04-04,"Prescribed Burn",NA,NA,5914,56,"QLD (Queensland)","QPWS",0.005089128724876,0.522329998700446
"821","QDAEIU0001",297082,NA,"Blackbraes National Park/2004/P/4",2004-03-16,NA,2004-03-21,"Prescribed Burn",NA,NA,706,33,"QLD (Queensland)","QPWS",0.00060806127226,0.305502825442172
"826","QDACYP0016",190885,NA,"Heathlands Resources Reserve/NP/W/2021/001",2020-10-30,NA,2021-11-22,"Bushfire",NA,NA,6956,91,"QLD (Queensland)","QPWS",0.005782558749615,0.80465275945735
"831","WAACEK0003",266485,"16",NA,2012-09-18,NA,NA,"Bushfire","Accidental","Unknown",250912,1111,"WA (Western Australia)","WA DFES",0.218256250198465,8.00000010599965
"836","WAANOK0007",106685,"006","Drysdale / Theda",2016-08-25,NA,NA,"Bushfire","Incendiary","Landsat",216058,1018,"WA (Western Australia)","WA DFES",0.189606249315489,6.50499978199824
"841","WAAPIL0004",141686,"069","MCNP - SPRINGS CREEK",2014-02-24,NA,NA,"Bushfire","Incendiary","Landsat",21836,620,"WA (Western Australia)","WA DFES",0.022334292539426,2.57728772331233
"846","WAAPIL0023",269486,"999",NA,2005-11-17,NA,NA,"Unknown",NA,"Landsat",3085,158,"WA (Western Australia)","WA DFES",0.002904995663584,0.896360202488876
"851","WAAPIL0030",116085,"999",NA,2017-03-16,NA,NA,"Prescribed Burn",NA,"Landsat",21403,1386,"WA (Western Australia)","WA DFES",0.023259141939889,3.99553417604997
"856","SAAEYB0022",165889,"0",NA,1953-12-14,NA,NA,"Bushfire",NA,"Aerial photography",14838,302,"SA (South Australia)","SA DEW",0.014993401162883,2.42892092743442
"861","SAAEYB0024",165889,"0",NA,1953-12-14,NA,NA,"Bushfire",NA,"Aerial photography",14838,302,"SA (South Australia)","SA DEW",0.014993401162883,2.42892092743442
"866","WAAPIL0004",142889,"999",NA,1989-11-28,NA,NA,"Unknown",NA,"Landsat",1619,105,"WA (Western Australia)","WA DFES",0.001550141819052,0.432068534882546
"871","NSANAN0002",267090,"18021290865","Bobbiwaa Creek Fire",2018-02-11,NA,2018-03-01,"Bushfire",NA,NA,19,2,"NSW (New South Wales)","NSW PWS",1.794163154e-05,0.018323416783561
"876","SATKAN0004",262291,"0","Mount Beevor",2007-01-04,NA,NA,"Bushfire",NA,"Unknown",129,5,"SA (South Australia)","SA DEW",0.000127585181872,0.052937920890939
"881","WAAVIB0004",43091,"EKM_050","Cockburn Ranges",2017-05-03,NA,NA,"Prescribed Burn",NA,"Unknown",60607,104,"WA (Western Australia)","WA DFES",0.051107011972249,0.959414711996975
"886","WAAVIB0002",118692,"BF 2022 EKM 007","Ngamoowalem 1",2022-08-10,NA,NA,"Bushfire","Incendiary","Unknown",287,31,"WA (Western Australia)","WA DFES",0.00025533350663,0.21562302013052
"891","SAAEYB0026",90694,"0",NA,1991-12-31,NA,NA,"Bushfire",NA,"Unknown",5339,106,"SA (South Australia)","SA DEW",0.00536450248228,0.72772500097058
"896","SAAEYB0027",90694,"0",NA,1991-12-31,NA,NA,"Bushfire",NA,"Unknown",5339,106,"SA (South Australia)","SA DEW",0.00536450248228,0.72772500097058
"901","WAACEK0002",311895,"BF 2022 WKM 013","Airstrip Fire",2022-11-13,NA,NA,"Unknown",NA,"Unknown",21142,1236,"WA (Western Australia)","WA DFES",0.005280870914476,0.763988306451375
"906","WAAPIL0017",24294,"999",NA,2007-11-21,NA,NA,"Unknown",NA,"Landsat",52900,999,"WA (Western Australia)","WA DFES",0.050001703902126,4.51920322114678
"911","NSANAN0001",118895,"19101751804","Kaputar Fire",2019-10-16,NA,2019-12-03,"Bushfire",NA,NA,19667,207,"NSW (New South Wales)","NSW PWS",0.018927170312054,1.64876072001532
"916","NSANAN0002",118895,"19101751804","Kaputar Fire",2019-10-16,NA,2019-12-03,"Bushfire",NA,NA,19667,207,"NSW (New South Wales)","NSW PWS",0.018927170312054,1.64876072001532
"921","QDAMUL0001",222696,NA,"Idalia National Park/P/2018/001",2020-06-30,NA,2020-07-17,"Prescribed Burn",NA,NA,270,28,"QLD (Queensland)","QPWS",0.000241352957346,0.267988019203188
"926","WAACEK0002",283096,"WKM_009","King Leopold Ranges Conservati",2016-03-27,NA,NA,"Prescribed Burn",NA,"Unknown",494087,644,"WA (Western Australia)","WA DFES",0.419261017856002,5.9364034606362
"931","WAACEK0003",283096,"WKM_009","King Leopold Ranges Conservati",2016-03-27,NA,NA,"Prescribed Burn",NA,"Unknown",494087,644,"WA (Western Australia)","WA DFES",0.419261017856002,5.9364034606362
"936","SASMDD0001",310497,"201401086","Calperum",2014-01-14,NA,NA,"Bushfire",NA,"Aerial photography",48253,634,"SA (South Australia)","SA DEW",0.018525323924678,1.3714060897375
"941","SASMDD0002",310497,"201401086","Calperum",2014-01-14,NA,NA,"Bushfire",NA,"Aerial photography",48253,634,"SA (South Australia)","SA DEW",0.018525323924678,1.3714060897375
"946","SASMDD0003",310497,"201401086","Calperum",2014-01-14,NA,NA,"Bushfire",NA,"Aerial photography",48253,634,"SA (South Australia)","SA DEW",0.018525323924678,1.3714060897375
"951","SASMDD0016",310497,"201401086","Calperum",2014-01-14,NA,NA,"Bushfire",NA,"Aerial photography",48253,634,"SA (South Australia)","SA DEW",0.018525323924678,1.3714060897375
"956","SASMDD0017",310497,"201401086","Calperum",2014-01-14,NA,NA,"Bushfire",NA,"Aerial photography",48253,634,"SA (South Australia)","SA DEW",0.018525323924678,1.3714060897375
"961","SASMDD0018",310497,"201401086","Calperum",2014-01-14,NA,NA,"Bushfire",NA,"Aerial photography",48253,634,"SA (South Australia)","SA DEW",0.018525323924678,1.3714060897375
"966","QDAEIU0003",305698,NA,"Blackbraes Regional Park/2011/W/1",2011-12-08,NA,NA,"Bushfire",NA,NA,7166,46,"QLD (Queensland)","QPWS",0.006162709293449,0.429313099733848
"971","WAACEK0002",208098,"WKM_011","King Leopold Ranges CP",2017-04-18,NA,NA,"Prescribed Burn",NA,"Unknown",470193,485,"WA (Western Australia)","WA DFES",0.399031343188426,4.474733536231
"976","WAACEK0003",208098,"WKM_011","King Leopold Ranges CP",2017-04-18,NA,NA,"Prescribed Burn",NA,"Unknown",470193,485,"WA (Western Australia)","WA DFES",0.399031343188426,4.474733536231
"981","WAAPIL0008",141098,"999",NA,2005-11-24,NA,NA,"Unknown",NA,"Landsat",73770,1725,"WA (Western Australia)","WA DFES",0.070391934428926,7.60350140051267
"986","WAAVIB0002",157698,"7","PARRYS FIRE 7",2007-07-30,NA,NA,"Unknown",NA,"Aerial photography",29072,116,"WA (Western Australia)","WA DFES",0.0244976844657,1.06388381028247
"991","NSTSYB0002",61698,"HR20080289064","Bowen Mountain South West Stage 2 HR",2020-09-04,NA,2020-09-05,"Prescribed Burn",NA,NA,191,13,"NSW (New South Wales)","NSW PWS",0.000185608417723,0.129536204733149
"996","WAACEK0002",214499,"BF 2018 WKM 023","Bell Ck",2018-12-02,NA,NA,"Bushfire","Natural","MODIS",3815,78,"WA (Western Australia)","WA DFES",0.003281249771362,0.674999892000026
"1001","WAALSD0003",242499,"999",NA,2013-08-05,NA,NA,"Bushfire","Undetermined","Landsat",4267,184,"WA (Western Australia)","WA DFES",0.004232931331671,1.13392368454614
"1006","SAAEYB0029",126300,"0",NA,1972-12-31,NA,NA,"Bushfire",NA,"Landsat",14579,130,"SA (South Australia)","SA DEW",0.01437550014407,1.21268457333605
"1011","WAACEK0002",32700,"WKM_001","King Leopold Ranges CP",2014-04-15,NA,NA,"Prescribed Burn",NA,"Multiple",271919,914,"WA (Western Australia)","WA DFES",0.230954131104681,8.44807945263998
"1016","WAACEK0003",32700,"WKM_001","King Leopold Ranges CP",2014-04-15,NA,NA,"Prescribed Burn",NA,"Multiple",271919,914,"WA (Western Australia)","WA DFES",0.230954131104681,8.44807945263998
"1021","NSANET0001",193303,"NTR02010","Blatherarm",2002-09-28,NA,2002-11-12,"Bushfire",NA,NA,13863,121,"NSW (New South Wales)","NSW PWS",0.012866528187715,1.16607191641462
"1026","WAAJAF0001",87902,"WLP_116","WLP_116",2002-09-16,NA,NA,"Prescribed Burn",NA,"Aerial photography",7591,53,"WA (Western Australia)","WA DFES",0.007697970777826,0.467877441190987
"1031","WAANOK0007",161103,"EKM_040","Drysdale Precinct",2017-04-20,NA,NA,"Prescribed Burn",NA,"Unknown",834499,591,"WA (Western Australia)","WA DFES",0.7003089657602,5.40896627831254
"1036","SAAEYB0021",263904,"0",NA,1953-12-14,NA,NA,"Bushfire",NA,"Aerial photography",3257,84,"SA (South Australia)","SA DEW",0.003344955688135,0.611215270380019
"1041","SAAEYB0023",263904,"0",NA,1953-12-14,NA,NA,"Bushfire",NA,"Aerial photography",3257,84,"SA (South Australia)","SA DEW",0.003344955688135,0.611215270380019
"1046","SAAKAN0008",64504,"0",NA,1984-02-01,NA,NA,"Bushfire",NA,"Aerial photography",16,3,"SA (South Australia)","SA DEW",1.5536865703e-05,0.030858048067987
"1051","QDAEIU0005",248106,NA,"Canyon Resources Reserve/P/2018/002",2018-05-28,NA,2018-06-01,"Prescribed Burn",NA,NA,567,12,"QLD (Queensland)","QPWS",0.000484927296156,0.112178610122299
"1056","NSABBS0001",258108,"13011263523","Wambelong WNP",2013-01-12,NA,NA,"Bushfire",NA,NA,55204,404,"NSW (New South Wales)","NSW PWS",0.053433067614151,3.29579128106361
"1061","NSABBS0002",258108,"13011263523","Wambelong WNP",2013-01-12,NA,NA,"Bushfire",NA,NA,55204,404,"NSW (New South Wales)","NSW PWS",0.053433067614151,3.29579128106361
"1066","QDAGUP0029",140708,NA,"Staaten River National Park/2009/P/2",2009-12-30,NA,2009-12-29,"Prescribed Burn",NA,NA,12504,144,"QLD (Queensland)","QPWS",0.010599822012637,1.33177888509857
"1071","QDAGUP0030",140708,NA,"Staaten River National Park/2009/P/2",2009-12-30,NA,2009-12-29,"Prescribed Burn",NA,NA,12504,144,"QLD (Queensland)","QPWS",0.010599822012637,1.33177888509857
"1076","QDAGUP0031",140708,NA,"Staaten River National Park/2009/P/2",2009-12-30,NA,2009-12-29,"Prescribed Burn",NA,NA,12504,144,"QLD (Queensland)","QPWS",0.010599822012637,1.33177888509857
"1081","WAACOO0026",217508,"999","999",1979-05-05,NA,NA,"Unknown",NA,"Landsat",14501,409,"WA (Western Australia)","WA DFES",0.013873017720016,3.28031404168357
"1086","WAACOO0027",217508,"999","999",1979-05-05,NA,NA,"Unknown",NA,"Landsat",14501,409,"WA (Western Australia)","WA DFES",0.013873017720016,3.28031404168357
"1091","WAACOO0028",217508,"999","999",1979-05-05,NA,NA,"Unknown",NA,"Landsat",14501,409,"WA (Western Australia)","WA DFES",0.013873017720016,3.28031404168357
"1096","WAAPIL0015",233508,"BF 2018 PIL 030","KNP Marandoo",2018-11-17,NA,NA,"Bushfire","Natural","Ground intelligence",33573,1712,"WA (Western Australia)","WA DFES",0.036397047851551,4.94369804420129
"1101","WAAVIB0002",170908,"EKM_008","PARRY LAGOONS NR AND MG RESER*",2013-06-05,NA,NA,"Prescribed Burn",NA,"Unknown",108807,640,"WA (Western Australia)","WA DFES",0.091537488010317,5.82921217982448
"1106","VCAAUA0011",64308,"14","HARRIETVILLE - ALPINE SOUTH",2013-02-07,NA,NA,"Bushfire",NA,NA,14223,169,"VIC (Victoria)","VIC DEECA",0.014774878979551,1.51596201959395
"1111","VCAAUA0012",64308,"14","HARRIETVILLE - ALPINE SOUTH",2013-02-07,NA,NA,"Bushfire",NA,NA,14223,169,"VIC (Victoria)","VIC DEECA",0.014774878979551,1.51596201959395
"1116","WAAPIL0005",247309,"999",NA,1991-11-18,NA,NA,"Unknown",NA,"Landsat",400,46,"WA (Western Australia)","WA DFES",0.000384965574312,0.264412107908317
"1121","QDACYP0016",271710,NA,"Heathlands Resources Reserve/P/2018/006",2018-08-07,NA,2018-11-30,"Prescribed Burn",NA,NA,78428,151,"QLD (Queensland)","QPWS",0.064945891740194,1.36953556640649
"1126","WAAPIL0001",246510,"999",NA,2006-01-12,NA,NA,"Unknown",NA,"Landsat",171140,4744,"WA (Western Australia)","WA DFES",0.177455708909065,14.2301206964631
"1131","WAAPIL0002",19509,"PIL_007","MCNP - HQ Precinct",2015-07-24,NA,NA,"Prescribed Burn",NA,"Landsat",73,8,"WA (Western Australia)","WA DFES",6.3593542791e-05,0.072376535756058
"1136","WAAPIL0012",246510,"999",NA,2006-01-12,NA,NA,"Unknown",NA,"Landsat",171140,4744,"WA (Western Australia)","WA DFES",0.177455708909065,14.2301206964631
"1141","WAAPIL0013",246510,"999",NA,2006-01-12,NA,NA,"Unknown",NA,"Landsat",171140,4744,"WA (Western Australia)","WA DFES",0.177455708909065,14.2301206964631
"1146","WAAPIL0014",246510,"999",NA,2006-01-12,NA,NA,"Unknown",NA,"Landsat",171140,4744,"WA (Western Australia)","WA DFES",0.177455708909065,14.2301206964631
"1151","WAAPIL0016",246510,"999",NA,2006-01-12,NA,NA,"Unknown",NA,"Landsat",171140,4744,"WA (Western Australia)","WA DFES",0.177455708909065,14.2301206964631
"1156","SAAFLB0005",264311,"0","Telowie Gorge Fire",1984-12-26,NA,NA,"Bushfire",NA,"Aerial photography",2921,45,"SA (South Australia)","SA DEW",0.00282399708658,0.423785284764575
"1161","NSABBS0003",48911,"HR16060977031","NPWS-BARA-PilligaSCA-Keelimore",2017-04-12,NA,2017-04-12,"Prescribed Burn",NA,NA,433,10,"NSW (New South Wales)","NSW PWS",0.000406332311286,0.092307083455895
"1166","WAAPIL0001",310713,"999",NA,2000-02-13,NA,NA,"Unknown",NA,"Landsat",964295,36127,"WA (Western Australia)","WA DFES",0.214124640937598,7.67227877610962
"1171","WAAPIL0012",310713,"999",NA,2000-02-13,NA,NA,"Unknown",NA,"Landsat",964295,36127,"WA (Western Australia)","WA DFES",0.214124640937598,7.67227877610962
"1176","WAAPIL0013",310713,"999",NA,2000-02-13,NA,NA,"Unknown",NA,"Landsat",964295,36127,"WA (Western Australia)","WA DFES",0.214124640937598,7.67227877610962
"1181","WAAPIL0014",310713,"999",NA,2000-02-13,NA,NA,"Unknown",NA,"Landsat",964295,36127,"WA (Western Australia)","WA DFES",0.214124640937598,7.67227877610962
"1186","WAAPIL0016",310713,"999",NA,2000-02-13,NA,NA,"Unknown",NA,"Landsat",964295,36127,"WA (Western Australia)","WA DFES",0.214124640937598,7.67227877610962
"1191","WAAVIB0001",155913,"EKM_037","Parry Lagoons - Ngamoowalem",2016-04-13,NA,NA,"Prescribed Burn",NA,"Unknown",28274,122,"WA (Western Australia)","WA DFES",0.023833016706476,1.11935066567456
"1196","WAAVIB0002",155913,"EKM_037","Parry Lagoons - Ngamoowalem",2016-04-13,NA,NA,"Prescribed Burn",NA,"Unknown",28274,122,"WA (Western Australia)","WA DFES",0.023833016706476,1.11935066567456
"1201","WAAESP0001",20713,"999",NA,1996-09-16,NA,NA,"Prescribed Burn",NA,"Landsat",620,38,"WA (Western Australia)","WA DFES",0.000631771978306,0.344897905702544
"1206","WAAPIL0009",139314,"999",NA,1999-12-26,NA,NA,"Unknown",NA,"Landsat",793,72,"WA (Western Australia)","WA DFES",0.000802050524271,0.400741821094822
"1211","WAAVIB0004",16514,"EKM_056","Cockburn Ranges",2023-03-18,NA,NA,"Prescribed Burn",NA,"Multiple",110090,177,"WA (Western Australia)","WA DFES",0.092844973298838,1.62618454611972
"1216","WAASWA0004",205316,"22",NA,1986-01-21,NA,NA,"Bushfire","Incendiary","Unknown",11890,89,"WA (Western Australia)","WA DFES",0.011274735534016,0.883138477158995
"1221","QDAGUP0029",303517,NA,"Staaten River National Park/NP/W/2019/001",2019-08-12,NA,2019-10-21,"Bushfire",NA,NA,756022,601,"QLD (Queensland)","QPWS",0.641431548535593,5.53792246551697
"1226","QDAGUP0030",303517,NA,"Staaten River National Park/NP/W/2019/001",2019-08-12,NA,2019-10-21,"Bushfire",NA,NA,756022,601,"QLD (Queensland)","QPWS",0.641431548535593,5.53792246551697
"1231","QDAGUP0031",303517,NA,"Staaten River National Park/NP/W/2019/001",2019-08-12,NA,2019-10-21,"Bushfire",NA,NA,756022,601,"QLD (Queensland)","QPWS",0.641431548535593,5.53792246551697
"1236","SAAKAN0008",9916,"0",NA,1958-02-25,NA,NA,"Bushfire",NA,"Aerial photography",197,15,"SA (South Australia)","SA DEW",0.000203537626476,0.110010913099821
"1241","WAAPIL0015",310718,"999",NA,2000-02-13,NA,NA,"Unknown",NA,"Landsat",964295,36127,"WA (Western Australia)","WA DFES",0.1516900698482,5.73426744314445
"1246","QDAEIU0001",11919,NA,"Blackbraes National Park/2007/P/1",2007-06-04,NA,2007-08-06,"Prescribed Burn",NA,NA,1113,16,"QLD (Queensland)","QPWS",0.000958236707447,0.152238201840554
"1251","QDAEIU0002",11919,NA,"Blackbraes National Park/2007/P/1",2007-06-04,NA,2007-08-06,"Prescribed Burn",NA,NA,1113,16,"QLD (Queensland)","QPWS",0.000958236707447,0.152238201840554
"1256","QDAGUP0029",68319,NA,"Staaten River National Park/NP/W/2016/005",2016-11-14,NA,2016-12-12,"Bushfire",NA,NA,184151,709,"QLD (Queensland)","QPWS",0.15850501402906,4.88298538385938
"1261","QDAGUP0030",68319,NA,"Staaten River National Park/NP/W/2016/005",2016-11-14,NA,2016-12-12,"Bushfire",NA,NA,184151,709,"QLD (Queensland)","QPWS",0.15850501402906,4.88298538385938
"1266","QDAGUP0031",68319,NA,"Staaten River National Park/NP/W/2016/005",2016-11-14,NA,2016-12-12,"Bushfire",NA,NA,184151,709,"QLD (Queensland)","QPWS",0.15850501402906,4.88298538385938
"1271","WAAPIL0031",310720,"999",NA,2000-02-13,NA,NA,"Unknown",NA,"Landsat",964295,36127,"WA (Western Australia)","WA DFES",0.060955800458032,6.46685779559113
"1276","WAAPIL0032",310720,"999",NA,2000-02-13,NA,NA,"Unknown",NA,"Landsat",964295,36127,"WA (Western Australia)","WA DFES",0.060955800458032,6.46685779559113
"1281","WAAPIL0033",310720,"999",NA,2000-02-13,NA,NA,"Unknown",NA,"Landsat",964295,36127,"WA (Western Australia)","WA DFES",0.060955800458032,6.46685779559113
"1286","QDAEIU0006",60320,NA,"Fire Advice/2016/23",2016-01-07,NA,2016-01-10,"Prescribed Burn",NA,NA,3035,28,"QLD (Queensland)","QPWS",0.002596183254582,0.259630376228905
"1291","QDAEIU0007",60320,NA,"Fire Advice/2016/23",2016-01-07,NA,2016-01-10,"Prescribed Burn",NA,NA,3035,28,"QLD (Queensland)","QPWS",0.002596183254582,0.259630376228905
"1296","QDAGUP0029",8920,NA,"Staaten River National Park/2013/W/3",2012-11-18,NA,NA,"Bushfire",NA,NA,244516,482,"QLD (Queensland)","QPWS",0.2155419019291,2.97458563879652
"1301","QDAGUP0030",8920,NA,"Staaten River National Park/2013/W/3",2012-11-18,NA,NA,"Bushfire",NA,NA,244516,482,"QLD (Queensland)","QPWS",0.2155419019291,2.97458563879652
"1306","QDAGUP0031",8920,NA,"Staaten River National Park/2013/W/3",2012-11-18,NA,NA,"Bushfire",NA,NA,244516,482,"QLD (Queensland)","QPWS",0.2155419019291,2.97458563879652
"1311","WAAPIL0004",55320,"999",NA,2000-08-30,NA,NA,"Unknown",NA,"Landsat",11242,431,"WA (Western Australia)","WA DFES",0.011564792595209,1.41734631636511
"1316","WAAPIL0005",151721,"BF 2018 PIL 051",NA,2018-01-19,NA,NA,"Bushfire","Natural","Landsat",1480,116,"WA (Western Australia)","WA DFES",0.001475037488035,0.68853349087114
"1321","WAAVIB0001",197722,"EKM_023","Parry Lagoons - Ngamoowalem",2015-04-16,NA,NA,"Prescribed Burn",NA,"Unknown",52227,186,"WA (Western Australia)","WA DFES",0.054389913363707,1.14461475986911
"1326","WAAVIB0002",197722,"EKM_023","Parry Lagoons - Ngamoowalem",2015-04-16,NA,NA,"Prescribed Burn",NA,"Unknown",52227,186,"WA (Western Australia)","WA DFES",0.054389913363707,1.14461475986911
"1331","QDAGUP0029",216323,NA,"Staaten River National Park/2013/P/2",2013-11-20,NA,2013-11-21,"Prescribed Burn",NA,NA,25614,96,"QLD (Queensland)","QPWS",0.021710771416565,0.878062401659206
"1336","QDAGUP0030",216323,NA,"Staaten River National Park/2013/P/2",2013-11-20,NA,2013-11-21,"Prescribed Burn",NA,NA,25614,96,"QLD (Queensland)","QPWS",0.021710771416565,0.878062401659206
"1341","QDAGUP0031",216323,NA,"Staaten River National Park/2013/P/2",2013-11-20,NA,2013-11-21,"Prescribed Burn",NA,NA,25614,96,"QLD (Queensland)","QPWS",0.021710771416565,0.878062401659206
"1346","WAAPIL0030",310723,"999",NA,2000-02-13,NA,NA,"Unknown",NA,"Landsat",964295,36127,"WA (Western Australia)","WA DFES",0.023807311802784,3.53253673182768
"1351","WAAPIL0031",310524,"999",NA,1996-11-08,NA,NA,"Unknown",NA,"Landsat",391778,19015,"WA (Western Australia)","WA DFES",0.097985121209604,4.25245416789621
"1356","WAAPIL0032",310524,"999",NA,1996-11-08,NA,NA,"Unknown",NA,"Landsat",391778,19015,"WA (Western Australia)","WA DFES",0.097985121209604,4.25245416789621
"1361","WAAPIL0033",310524,"999",NA,1996-11-08,NA,NA,"Unknown",NA,"Landsat",391778,19015,"WA (Western Australia)","WA DFES",0.097985121209604,4.25245416789621
"1366","SAAKAN0004",156125,"200712067","Solly",2007-12-06,NA,NA,"Bushfire",NA,"Aerial photography",2950,70,"SA (South Australia)","SA DEW",0.002975355033868,0.443453142043787
"1371","WAAJAF0001",67124,"FRK_053","Table Hill",2017-11-06,NA,NA,"Prescribed Burn",NA,"Ground intelligence",10313,111,"WA (Western Australia)","WA DFES",0.010729472603089,0.56729211475291
"1376","QDAGUP0029",13325,NA,"Staaten River National Park/NP/W/2020/002",2020-10-12,NA,2020-11-12,"Bushfire",NA,NA,546218,2351,"QLD (Queensland)","QPWS",0.488449999232671,11.8449998000021
"1381","QDAGUP0029",28925,NA,"Staaten River National Park/2015/W/2",2014-10-14,NA,NA,"Bushfire",NA,NA,1261063,1336,"QLD (Queensland)","QPWS",1.10374219249388,8.63396231864098
"1386","QDAGUP0030",13325,NA,"Staaten River National Park/NP/W/2020/002",2020-10-12,NA,2020-11-12,"Bushfire",NA,NA,546218,2351,"QLD (Queensland)","QPWS",0.488449999232671,11.8449998000021
"1391","QDAGUP0030",28925,NA,"Staaten River National Park/2015/W/2",2014-10-14,NA,NA,"Bushfire",NA,NA,1261063,1336,"QLD (Queensland)","QPWS",1.10374219249388,8.63396231864098
"1396","QDAGUP0031",13325,NA,"Staaten River National Park/NP/W/2020/002",2020-10-12,NA,2020-11-12,"Bushfire",NA,NA,546218,2351,"QLD (Queensland)","QPWS",0.488449999232671,11.8449998000021
"1401","QDAGUP0031",28925,NA,"Staaten River National Park/2015/W/2",2014-10-14,NA,NA,"Bushfire",NA,NA,1261063,1336,"QLD (Queensland)","QPWS",1.10374219249388,8.63396231864098
"1406","SAAKAN0009",119529,"0",NA,1978-02-01,NA,NA,"Bushfire",NA,"Aerial photography",1952,70,"SA (South Australia)","SA DEW",0.002169298240005,0.274495799952656
"1411","QDAGUP0029",91730,NA,"Staaten River National Park/2005/W/1",2004-10-03,NA,NA,"Bushfire",NA,NA,598699,538,"QLD (Queensland)","QPWS",0.520259213310283,4.09974433054186
"1416","QDAGUP0030",91730,NA,"Staaten River National Park/2005/W/1",2004-10-03,NA,NA,"Bushfire",NA,NA,598699,538,"QLD (Queensland)","QPWS",0.520259213310283,4.09974433054186
"1421","QDAGUP0031",91730,NA,"Staaten River National Park/2005/W/1",2004-10-03,NA,NA,"Bushfire",NA,NA,598699,538,"QLD (Queensland)","QPWS",0.520259213310283,4.09974433054186
"1426","QDACYP0017",89531,NA,"Heathlands Regional Park/2015/W/2",2014-10-14,NA,NA,"Bushfire",NA,NA,21884,95,"QLD (Queensland)","QPWS",0.018136712709293,0.868990297801979
"1431","TCATCH0010",300332,"1759","Doctors Point grassland",2002-01-01,NA,NA,"Prescribed Burn",NA,NA,90,9,"TAS (Tasmania)","TAS DNRE",9.7943906439e-05,0.094032001168052
"1436","WAACEK0002",192332,"K001","King Leopold Ranges CP",2010-04-29,NA,NA,"Prescribed Burn",NA,"Aerial photography",171717,1719,"WA (Western Australia)","WA DFES",0.149571341241881,14.4545776261093
"1441","WAAPIL0020",115132,"999",NA,2000-11-18,NA,NA,"Unknown",NA,"Landsat",36606,2132,"WA (Western Australia)","WA DFES",0.039830551841078,6.2188079503779
"1446","SATEYB0001",310534,"201511009","Pinery",2015-11-25,NA,NA,"Bushfire",NA,"Aerial photography",78505,850,"SA (South Australia)","SA DEW",0.011162681466431,0.990757595856217
"1451","WAAPIL0001",311934,"999",NA,1996-11-15,NA,NA,"Unknown",NA,"Landsat",278177,7550,"WA (Western Australia)","WA DFES",0.100964398521683,5.11053565873866
"1456","WAAPIL0012",311934,"999",NA,1996-11-15,NA,NA,"Unknown",NA,"Landsat",278177,7550,"WA (Western Australia)","WA DFES",0.100964398521683,5.11053565873866
"1461","WAAPIL0013",311934,"999",NA,1996-11-15,NA,NA,"Unknown",NA,"Landsat",278177,7550,"WA (Western Australia)","WA DFES",0.100964398521683,5.11053565873866
"1466","WAAVIB0001",23733,"005","Parry Lagoon / Floodplain",2013-07-07,NA,NA,"Bushfire","Incendiary","MODIS",21491,254,"WA (Western Australia)","WA DFES",0.018431250021649,2.1150001320004
"1471","SAAKAN0010",151935,"0",NA,1954-01-14,NA,NA,"Bushfire",NA,"Aerial photography",1346,22,"SA (South Australia)","SA DEW",0.001343132576949,0.229084801767778
"1476","NSAMDD0004",277337,"0","fire 1977",1977-02-01,NA,NA,"Bushfire",NA,NA,103534,194,"NSW (New South Wales)","NSW PWS",0.101364456259034,1.91759974272619
"1481","QDASEQ0002",123136,NA,"Bunya Mountains National Park/1991/W/1",1991-08-16,NA,NA,"Bushfire",NA,NA,15,3,"QLD (Queensland)","QPWS",1.3597967154e-05,0.027024029907668
"1486","QDAGUP0029",87937,NA,"Staaten River National Park/P/2017/002",2017-11-21,NA,2017-12-05,"Prescribed Burn",NA,NA,32360,113,"QLD (Queensland)","QPWS",0.027441649055618,1.04474804569685
"1491","QDAGUP0030",87937,NA,"Staaten River National Park/P/2017/002",2017-11-21,NA,2017-12-05,"Prescribed Burn",NA,NA,32360,113,"QLD (Queensland)","QPWS",0.027441649055618,1.04474804569685
"1496","QDAGUP0031",87937,NA,"Staaten River National Park/P/2017/002",2017-11-21,NA,2017-12-05,"Prescribed Burn",NA,NA,32360,113,"QLD (Queensland)","QPWS",0.027441649055618,1.04474804569685
"1501","QDAEIU0001",172339,NA,"Blackbraes National Park/2010/P/1",2010-03-23,NA,2010-11-15,"Prescribed Burn",NA,NA,10419,114,"QLD (Queensland)","QPWS",0.008966239168785,1.05728947742348
"1506","QDAEIU0003",172339,NA,"Blackbraes National Park/2010/P/1",2010-03-23,NA,2010-11-15,"Prescribed Burn",NA,NA,10419,114,"QLD (Queensland)","QPWS",0.008966239168785,1.05728947742348
"1511","NSTSYB0003",71140,"19102652934","Gospers Mountain",2019-10-25,NA,2020-02-09,"Bushfire",NA,NA,479514,860,"NSW (New South Wales)","NSW PWS",0.46662217086714,7.64082782294577
"1516","NSTSYB0006",71140,"19102652934","Gospers Mountain",2019-10-25,NA,2020-02-09,"Bushfire",NA,NA,479514,860,"NSW (New South Wales)","NSW PWS",0.46662217086714,7.64082782294577
"1521","NSTSYB0007",71140,"19102652934","Gospers Mountain",2019-10-25,NA,2020-02-09,"Bushfire",NA,NA,479514,860,"NSW (New South Wales)","NSW PWS",0.46662217086714,7.64082782294577
"1526","NSTSYB0008",71140,"19102652934","Gospers Mountain",2019-10-25,NA,2020-02-09,"Bushfire",NA,NA,479514,860,"NSW (New South Wales)","NSW PWS",0.46662217086714,7.64082782294577
"1531","NSTSYB0009",71140,"19102652934","Gospers Mountain",2019-10-25,NA,2020-02-09,"Bushfire",NA,NA,479514,860,"NSW (New South Wales)","NSW PWS",0.46662217086714,7.64082782294577
"1536","WAACOO0031",242941,"KAL_036","Mt Walton Road",2023-04-16,NA,NA,"Prescribed Burn",NA,"Sentinel",712,85,"WA (Western Australia)","WA DFES",0.00067304646609,0.773699854111731
"1541","WAANOK0003",197741,"K005","MITCHELL RIVER NP",2011-05-01,NA,NA,"Prescribed Burn",NA,"Ground intelligence",313226,850,"WA (Western Australia)","WA DFES",0.267819003893919,6.44047104816295
"1546","WAANOK0006",197741,"K005","MITCHELL RIVER NP",2011-05-01,NA,NA,"Prescribed Burn",NA,"Ground intelligence",313226,850,"WA (Western Australia)","WA DFES",0.267819003893919,6.44047104816295
"1551","WAAPIL0003",264542,"58","UCL WITTENOOM KNP",2015-01-10,NA,NA,"Bushfire","Natural","Landsat",16369,862,"WA (Western Australia)","WA DFES",0.015841476780452,2.32525457252305
"1556","WAACEK0002",38343,"KLR 01/08_AUTUMN","KLR 01/08_AUTUMN",2008-04-22,NA,NA,"Prescribed Burn",NA,"Aerial photography",75938,462,"WA (Western Australia)","WA DFES",0.064514751438992,4.27364249549379
"1561","WAAJAF0002",78343,"FRK_023","Perillup/Camballup",2015-11-06,NA,NA,"Prescribed Burn",NA,"Multiple",5342,112,"WA (Western Australia)","WA DFES",0.006197252430866,0.638881811345593
"1566","QDAEIU0004",273545,NA,"Blackbraes National Park/P/2020/001",2020-03-16,NA,2020-04-21,"Prescribed Burn",NA,NA,8089,364,"QLD (Queensland)","QPWS",0.006966206405423,3.34139601744695
"1571","SATFLB0010",297147,"0",NA,1988-01-02,NA,NA,"Bushfire",NA,"Unknown",35805,251,"SA (South Australia)","SA DEW",0.035041912603447,1.71703564344556
"1576","SATFLB0011",297147,"0",NA,1988-01-02,NA,NA,"Bushfire",NA,"Unknown",35805,251,"SA (South Australia)","SA DEW",0.035041912603447,1.71703564344556
"1581","SAARIV0004",166948,"200711045","Bruno Bay",2007-11-17,NA,NA,"Bushfire",NA,"Unknown",817,72,"SA (South Australia)","SA DEW",0.000912416270239,0.539975011458082
"1586","SAARIV0005",166948,"200711045","Bruno Bay",2007-11-17,NA,NA,"Bushfire",NA,"Unknown",817,72,"SA (South Australia)","SA DEW",0.000912416270239,0.539975011458082
"1591","SAARIV0006",166948,"200711045","Bruno Bay",2007-11-17,NA,NA,"Bushfire",NA,"Unknown",817,72,"SA (South Australia)","SA DEW",0.000912416270239,0.539975011458082
"1596","WAAPIL0003",180948,"999",NA,2005-11-24,NA,NA,"Unknown",NA,"Landsat",34,6,"WA (Western Australia)","WA DFES",2.9330216421e-05,0.058862056949095
"1601","QDAEIU0004",212149,NA,"Blackbraes Regional Park/2008/W/1",2007-12-21,NA,NA,"Bushfire",NA,NA,1087,18,"QLD (Queensland)","QPWS",0.000935485920763,0.170723377022516
"1606","WAACEK0002",276950,"WKM_004","King Leopold Ranges CP",2015-01-05,NA,NA,"Prescribed Burn",NA,"Unknown",266720,897,"WA (Western Australia)","WA DFES",0.251776237187642,6.3166435729386
"1611","WAACEK0003",276950,"WKM_004","King Leopold Ranges CP",2015-01-05,NA,NA,"Prescribed Burn",NA,"Unknown",266720,897,"WA (Western Australia)","WA DFES",0.251776237187642,6.3166435729386
"1616","QDACYP0017",256951,NA,"Heathlands Regional Park/2010/W/2",2009-10-12,NA,NA,"Bushfire",NA,NA,6923,68,"QLD (Queensland)","QPWS",0.005737234476214,0.619831055083216
"1621","SAAKAN0004",259551,"0",NA,1954-12-31,NA,NA,"Bushfire",NA,"Unknown",1082,27,"SA (South Australia)","SA DEW",0.001094162011213,0.240984261351201
"1626","QDAEIU0004",11751,NA,"Blackbraes National Park/P/2018/001",2018-03-14,NA,2018-05-01,"Prescribed Burn",NA,NA,4806,133,"QLD (Queensland)","QPWS",0.00413540824934,1.23620709216758
"1631","QDASEQ0002",45351,NA,"Bunya Mountains National Park/NP/W/2023/001",2023-08-13,NA,2023-08-18,"Bushfire",NA,NA,523,15,"QLD (Queensland)","QPWS",0.000475667061892,0.142804957866535
"1636","WAACOO0016",310152,"999",NA,1975-07-01,NA,NA,"Unknown",NA,"Landsat",8344,318,"WA (Western Australia)","WA DFES",0.008296104013198,2.09268323106495
"1641","WAACOO0017",310152,"999",NA,1975-07-01,NA,NA,"Unknown",NA,"Landsat",8344,318,"WA (Western Australia)","WA DFES",0.008296104013198,2.09268323106495
"1646","WAACOO0018",310152,"999",NA,1975-07-01,NA,NA,"Unknown",NA,"Landsat",8344,318,"WA (Western Australia)","WA DFES",0.008296104013198,2.09268323106495
"1651","WAACOO0019",310152,"999",NA,1975-07-01,NA,NA,"Unknown",NA,"Landsat",8344,318,"WA (Western Australia)","WA DFES",0.008296104013198,2.09268323106495
"1656","WAAPIL0009",141752,"999",NA,2005-11-24,NA,NA,"Unknown",NA,"Landsat",745,36,"WA (Western Australia)","WA DFES",0.000657980086089,0.316349681766235
"1661","WAADAL0005",26752,"BF 2021 WKM 017","Yeeda",2021-11-17,NA,NA,"Bushfire","Natural","MODIS",213793,1381,"WA (Western Australia)","WA DFES",0.20167513291949,6.94968810300185
"1666","TCATCH0010",199754,"1616","Doctors Point",2001-01-01,NA,NA,"Prescribed Burn",NA,NA,90,9,"TAS (Tasmania)","TAS DNRE",9.7943906439e-05,0.094032001168052
"1671","SAAKAN0008",245957,"0",NA,1991-02-09,NA,NA,"Bushfire",NA,"Aerial photography",158,13,"SA (South Australia)","SA DEW",0.000165359490438,0.117588246158552
"1676","TCATCH0005",35957,"10148","Great Pine Tier",2019-01-15,NA,2019-03-12,"Bushfire","Natural",NA,51268,700,"TAS (Tasmania)","TAS DNRE",0.058643945429139,5.25408025862549
"1681","TCATCH0009",35957,"10148","Great Pine Tier",2019-01-15,NA,2019-03-12,"Bushfire","Natural",NA,51268,700,"TAS (Tasmania)","TAS DNRE",0.058643945429139,5.25408025862549
"1686","TCATCH0011",35957,"10148","Great Pine Tier",2019-01-15,NA,2019-03-12,"Bushfire","Natural",NA,51268,700,"TAS (Tasmania)","TAS DNRE",0.058643945429139,5.25408025862549
"1691","QDACYP0018",74158,NA,"Jardine River National Park/NP/W/2022/002",2022-11-01,NA,2022-11-28,"Bushfire",NA,NA,13439,118,"QLD (Queensland)","QPWS",0.011118989153715,1.0741414533682
"1696","WAACOO0016",217359,"KAL_016","Boorabbin low fuel buffers",2017-06-13,NA,NA,"Prescribed Burn",NA,"Ground intelligence",238,59,"WA (Western Australia)","WA DFES",0.000225558199645,0.585053926474191
"1701","WAACOO0017",217359,"KAL_016","Boorabbin low fuel buffers",2017-06-13,NA,NA,"Prescribed Burn",NA,"Ground intelligence",238,59,"WA (Western Australia)","WA DFES",0.000225558199645,0.585053926474191
"1706","NSANET0001",269960,"19102753281","Gulf Rd",2019-10-26,NA,2019-11-28,"Bushfire",NA,NA,70268,165,"NSW (New South Wales)","NSW PWS",0.065212347872148,1.61377758191274
"1711","WAADAL0001",116560,"WKM_025","Windjana Gorge",2021-05-03,NA,NA,"Prescribed Burn",NA,"Landsat",36,4,"WA (Western Australia)","WA DFES",3.0579611121e-05,0.038364422966912
"1716","WAAGAS0002",245362,"999",NA,2015-02-07,NA,NA,"Unknown",NA,"Landsat",11461,453,"WA (Western Australia)","WA DFES",0.010648213072273,2.87418526787159
"1721","WAAVIB0002",237362,"7","PARRY LAGOONS",2010-08-09,NA,NA,"Unknown",NA,"Ground intelligence",16528,230,"WA (Western Australia)","WA DFES",0.014428527520863,1.71191416990088
"1726","SAAKAN0006",96762,"0",NA,1955-12-31,NA,NA,"Bushfire",NA,"Unknown",4925,104,"SA (South Australia)","SA DEW",0.005574409538895,0.783276850400732
"1731","WAACOO0029",272363,"BF 2019 GLD 017","West Credo UCL",2019-11-18,NA,NA,"Bushfire","Natural","Landsat",18145,717,"WA (Western Australia)","WA DFES",0.017928679574879,4.655296076146
"1736","WAAVIB0004",173763,"EKM_056","Cockburn Ranges",2020-03-20,NA,NA,"Prescribed Burn",NA,"MODIS",37323,521,"WA (Western Australia)","WA DFES",0.036319875090157,3.38868487481017
"1741","WAGCOO0001",272363,"BF 2019 GLD 017","West Credo UCL",2019-11-18,NA,NA,"Bushfire","Natural","Landsat",18145,717,"WA (Western Australia)","WA DFES",0.017928679574879,4.655296076146
"1746","WAGCOO0002",272363,"BF 2019 GLD 017","West Credo UCL",2019-11-18,NA,NA,"Bushfire","Natural","Landsat",18145,717,"WA (Western Australia)","WA DFES",0.017928679574879,4.655296076146
"1751","QDABBS0001",264164,NA,"Carnarvon National Park/NP/W/2020/004",2020-12-02,NA,2020-12-23,"Bushfire",NA,NA,16568,79,"QLD (Queensland)","QPWS",0.014791110885653,0.757210091223947
"1756","QDABBS0002",264164,NA,"Carnarvon National Park/NP/W/2020/004",2020-12-02,NA,2020-12-23,"Bushfire",NA,NA,16568,79,"QLD (Queensland)","QPWS",0.014791110885653,0.757210091223947
"1761","QDABBS0004",264164,NA,"Carnarvon National Park/NP/W/2020/004",2020-12-02,NA,2020-12-23,"Bushfire",NA,NA,16568,79,"QLD (Queensland)","QPWS",0.014791110885653,0.757210091223947
"1766","QDABBS0005",264164,NA,"Carnarvon National Park/NP/W/2020/004",2020-12-02,NA,2020-12-23,"Bushfire",NA,NA,16568,79,"QLD (Queensland)","QPWS",0.014791110885653,0.757210091223947
"1771","WAADAL0001",59563,"WKM_005","Devonian Reef - Windjana Gorge",2015-03-31,NA,NA,"Prescribed Burn",NA,"Unknown",696,18,"WA (Western Australia)","WA DFES",0.000591942926803,0.169696133849525
"1776","WAACOO0031",310765,"999",NA,2002-02-20,NA,NA,"Unknown",NA,"Landsat",295459,12003,"WA (Western Australia)","WA DFES",0.091210626027532,4.214700653308
"1781","QDAGUP0029",77765,NA,"Staaten River National Park/NP/W/2022/005",2022-10-21,NA,2022-11-16,"Bushfire",NA,NA,287499,1396,"QLD (Queensland)","QPWS",0.254812500390244,7.28500007099986
"1786","QDAGUP0030",77765,NA,"Staaten River National Park/NP/W/2022/005",2022-10-21,NA,2022-11-16,"Bushfire",NA,NA,287499,1396,"QLD (Queensland)","QPWS",0.254812500390244,7.28500007099986
"1791","QDAGUP0031",77765,NA,"Staaten River National Park/NP/W/2022/005",2022-10-21,NA,2022-11-16,"Bushfire",NA,NA,287499,1396,"QLD (Queensland)","QPWS",0.254812500390244,7.28500007099986
"1796","SAAKAN0007",155366,"200712065","Chase",2007-12-06,NA,NA,"Bushfire",NA,"Aerial photography",60474,584,"SA (South Australia)","SA DEW",0.061480698519972,2.22158108780037
"1801","QDABBS0005",122166,NA,"Carnarvon National Park/P/2023/009",2023-04-20,NA,2023-05-08,"Prescribed Burn",NA,NA,9088,86,"QLD (Queensland)","QPWS",0.008112456425351,0.817755836310188
"1806","WAACOO0026",310768,"999",NA,2002-02-20,NA,NA,"Unknown",NA,"Landsat",295459,12003,"WA (Western Australia)","WA DFES",0.019170264011564,3.67717683777497
"1811","WAACOO0027",310768,"999",NA,2002-02-20,NA,NA,"Unknown",NA,"Landsat",295459,12003,"WA (Western Australia)","WA DFES",0.019170264011564,3.67717683777497
"1816","WAACOO0028",310768,"999",NA,2002-02-20,NA,NA,"Unknown",NA,"Landsat",295459,12003,"WA (Western Australia)","WA DFES",0.019170264011564,3.67717683777497
"1821","QDAEIU0006",111968,NA,"Canyon Resources Reserve/P/2020/001",2020-04-01,NA,2020-04-04,"Prescribed Burn",NA,NA,4195,66,"QLD (Queensland)","QPWS",0.00358843237359,0.61514950958337
"1826","QDAEIU0007",111968,NA,"Canyon Resources Reserve/P/2020/001",2020-04-01,NA,2020-04-04,"Prescribed Burn",NA,NA,4195,66,"QLD (Queensland)","QPWS",0.00358843237359,0.61514950958337
"1831","WAAPIL0007",159569,"999",NA,1994-11-26,NA,NA,"Unknown",NA,"Landsat",13541,660,"WA (Western Australia)","WA DFES",0.013178191152974,2.45403617551498
"1836","QDASSD0001",142170,NA,"Munga-Thirri National Park/NP/W/2016/001",2011-08-29,NA,2011-10-04,"Bushfire",NA,NA,2041302,2832,"QLD (Queensland)","QPWS",1.81896947201062,26.2604888624183
"1841","QDASSD0008",142170,NA,"Munga-Thirri National Park/NP/W/2016/001",2011-08-29,NA,2011-10-04,"Bushfire",NA,NA,2041302,2832,"QLD (Queensland)","QPWS",1.81896947201062,26.2604888624183
"1846","QDASSD0009",142170,NA,"Munga-Thirri National Park/NP/W/2016/001",2011-08-29,NA,2011-10-04,"Bushfire",NA,NA,2041302,2832,"QLD (Queensland)","QPWS",1.81896947201062,26.2604888624183
"1851","SAAEYB0032",2169,"201912028","Secret Rocks",2019-12-22,NA,NA,"Bushfire",NA,"Unknown",3585,52,"SA (South Australia)","SA DEW",0.003481054679469,0.483568587453222
"1856","WAACOO0001",81169,"999",NA,1969-09-16,NA,NA,"Unknown",NA,"Landsat",32100,1072,"WA (Western Australia)","WA DFES",0.034384911656161,3.89215416318957
"1861","WAACOO0003",81169,"999",NA,1969-09-16,NA,NA,"Unknown",NA,"Landsat",32100,1072,"WA (Western Australia)","WA DFES",0.034384911656161,3.89215416318957
"1866","WAACOO0004",81169,"999",NA,1969-09-16,NA,NA,"Unknown",NA,"Landsat",32100,1072,"WA (Western Australia)","WA DFES",0.034384911656161,3.89215416318957
"1871","WAACOO0029",310770,"999",NA,2002-02-20,NA,NA,"Unknown",NA,"Landsat",295459,12003,"WA (Western Australia)","WA DFES",0.015532326036919,2.73332312933738
"1876","WAAPIL0005",17569,"PIL_020",NA,2016-05-04,NA,NA,"Prescribed Burn",NA,"Landsat",131,14,"WA (Western Australia)","WA DFES",0.000115039495768,0.1261771133978
"1881","WAGCOO0002",310770,"999",NA,2002-02-20,NA,NA,"Unknown",NA,"Landsat",295459,12003,"WA (Western Australia)","WA DFES",0.015532326036919,2.73332312933738
"1886","NSANSS0001",82570,"0","Claggers Spring",2002-01-04,NA,NA,"Bushfire",NA,NA,27538,104,"NSW (New South Wales)","NSW PWS",0.026491281812014,1.02932823812136
"1891","NSTSYB0005",47172,"19122065204","Grose Valley",2019-12-19,NA,2020-02-03,"Bushfire",NA,NA,19896,170,"NSW (New South Wales)","NSW PWS",0.019600052301485,1.45072086619269
"1896","SAAKAN0007",81972,"0",NA,1958-12-31,NA,NA,"Bushfire",NA,"Unknown",64428,237,"SA (South Australia)","SA DEW",0.064312219087697,2.33446781012651
"1901","WAACEK0002",77374,"019","Inglis Gap King Leopold Ranges",2013-09-07,NA,NA,"Bushfire","Incendiary","MODIS",173470,1842,"WA (Western Australia)","WA DFES",0.173574999208768,9.70999984299953
"1906","WAACEK0003",289575,"K001C","KING LEOPOLD RANGES CP",2011-04-25,NA,NA,"Prescribed Burn",NA,"Ground intelligence",153083,656,"WA (Western Australia)","WA DFES",0.129980167984741,6.0645765473519
"1911","NSAMDD0001",59375,"0",NA,1974-12-13,NA,NA,"Bushfire",NA,NA,1468740,841,"NSW (New South Wales)","NSW PWS",1.42947745965921,8.13795690018371
"1916","NSAMDD0002",59375,"0",NA,1974-12-13,NA,NA,"Bushfire",NA,NA,1468740,841,"NSW (New South Wales)","NSW PWS",1.42947745965921,8.13795690018371
"1921","NSAMDD0003",59375,"0",NA,1974-12-13,NA,NA,"Bushfire",NA,NA,1468740,841,"NSW (New South Wales)","NSW PWS",1.42947745965921,8.13795690018371
"1926","NSAMDD0004",59375,"0",NA,1974-12-13,NA,NA,"Bushfire",NA,NA,1468740,841,"NSW (New South Wales)","NSW PWS",1.42947745965921,8.13795690018371
"1931","NSAMDD0005",59375,"0",NA,1974-12-13,NA,NA,"Bushfire",NA,NA,1468740,841,"NSW (New South Wales)","NSW PWS",1.42947745965921,8.13795690018371
"1936","WAANOK0007",88375,"EKM_005","DRYSDALE NATIONAL PARK",2013-04-30,NA,NA,"Prescribed Burn",NA,"Unknown",1603040,1551,"WA (Western Australia)","WA DFES",1.34545140553018,14.207371807653
"1941","WAAVIB0001",277977,"K007","K007",2009-05-01,NA,NA,"Prescribed Burn",NA,"Aerial photography",18989,181,"WA (Western Australia)","WA DFES",0.016003214930834,1.65798172276703
"1946","QDACYP0012",187778,NA,"Oyala Thumotang National Park (Cape York Peninsula Aboriginal Land)/2002/W/1",2002-11-26,NA,NA,"Bushfire",NA,NA,306486,1274,"QLD (Queensland)","QPWS",0.260713737771766,10.908850092124
"1951","WAASWA0004",88777,"999",NA,1980-01-01,NA,NA,"Unknown",NA,"Aerial photography",6124,54,"WA (Western Australia)","WA DFES",0.005806172522853,0.532014034768761
"1956","NSTSYB0002",132981,"BMR-HR-05-001","Bowen Mountain South HR",2005-08-27,NA,2005-09-04,"Prescribed Burn",NA,NA,308,18,"NSW (New South Wales)","NSW PWS",0.000299187490782,0.177861538529721
"1961","SAAFLB0006",256382,"0","Wirrabara Fire",1960-01-08,NA,NA,"Bushfire",NA,"Unknown",9392,53,"SA (South Australia)","SA DEW",0.009073522897324,0.494707275774473
"1966","SAAKAN0010",132582,"200601078","Mouth Flat Fire",2006-01-20,NA,NA,"Bushfire",NA,"Aerial photography",3159,79,"SA (South Australia)","SA DEW",0.003375939152193,0.44371531105267
"1971","WAAPIL0022",129782,"999",NA,1991-11-18,NA,NA,"Unknown",NA,"Landsat",199,30,"WA (Western Australia)","WA DFES",0.000189336489257,0.201922410769207
"1976","WAAPIL0027",89981,"999",NA,2014-01-07,NA,NA,"Unknown",NA,"Landsat",1122,94,"WA (Western Australia)","WA DFES",0.001071745179161,0.537154748824311
"1981","WAAVIB0004",149182,"EKM_056","Cockburn Ranges",2018-03-30,NA,NA,"Prescribed Burn",NA,"Multiple",84163,128,"WA (Western Australia)","WA DFES",0.070980998776349,1.17981539643697
"1986","SAAEYB0021",81784,"0",NA,1966-11-30,NA,NA,"Bushfire",NA,"Aerial photography",5189,105,"SA (South Australia)","SA DEW",0.00516886947662,0.720172298259659
"1991","SAAEYB0023",81784,"0",NA,1966-11-30,NA,NA,"Bushfire",NA,"Aerial photography",5189,105,"SA (South Australia)","SA DEW",0.00516886947662,0.720172298259659
"1996","WAAVIB0001",103784,"PLG 01/08_AUTUMN","PLG 01/08_AUTUMN",2008-04-25,NA,NA,"Prescribed Burn",NA,"Aerial photography",9500,119,"WA (Western Australia)","WA DFES",0.008006380832171,1.09342398924403
"2001","WAAVIB0002",103784,"PLG 01/08_AUTUMN","PLG 01/08_AUTUMN",2008-04-25,NA,NA,"Prescribed Burn",NA,"Aerial photography",9500,119,"WA (Western Australia)","WA DFES",0.008006380832171,1.09342398924403
"2006","WAAPIL0003",253186,"999",NA,1995-12-15,NA,NA,"Unknown",NA,"Landsat",3490,213,"WA (Western Australia)","WA DFES",0.003307630790459,1.07724549282526
"2011","WAACOO0005",311387,"999",NA,2002-02-04,NA,NA,"Unknown",NA,"Landsat",125587,4528,"WA (Western Australia)","WA DFES",0.039707355100063,3.77031843940053
"2016","WAACOO0006",311387,"999",NA,2002-02-04,NA,NA,"Unknown",NA,"Landsat",125587,4528,"WA (Western Australia)","WA DFES",0.039707355100063,3.77031843940053
"2021","WAACOO0007",311387,"999",NA,2002-02-04,NA,NA,"Unknown",NA,"Landsat",125587,4528,"WA (Western Australia)","WA DFES",0.039707355100063,3.77031843940053
"2026","QDACYP0017",82187,NA,"Heathlands Resources Reserve/P/2019/001",2019-08-01,NA,2019-08-23,"Prescribed Burn",NA,NA,1901,22,"QLD (Queensland)","QPWS",0.001575800298042,0.195900214104966
"2031","WAAPIL0015",284389,"999",NA,1997-11-27,NA,NA,"Unknown",NA,"Landsat",43145,1990,"WA (Western Australia)","WA DFES",0.045235371227818,6.48778643213851
"2036","WAAAVW0002",100789,"999",NA,1975-07-01,NA,NA,"Unknown",NA,"Landsat",6043,89,"WA (Western Australia)","WA DFES",0.005756762889177,0.890303153125189
"2041","NSTSYB0001",280993,"SNR 0607-11","Mt Ku-ring-gai Fire",2007-01-21,NA,2007-01-31,"Bushfire",NA,NA,1017,26,"NSW (New South Wales)","NSW PWS",0.000988771957509,0.261745847558765
"2046","WAAPIL0035",140995,"999",NA,2012-07-01,NA,NA,"Unknown",NA,"Landsat",13506,653,"WA (Western Australia)","WA DFES",0.012287380455291,4.98673085497999
"2051","QDAEIU0003",97396,NA,"Blackbraes National Park/P/2017/001",2017-02-28,NA,2017-06-09,"Prescribed Burn",NA,NA,2000,24,"QLD (Queensland)","QPWS",0.001720148947697,0.221023270089807
"2056","SAAEYB0029",98996,"201912034","Miltalie",2019-12-30,NA,NA,"Bushfire",NA,"Unknown",10219,87,"SA (South Australia)","SA DEW",0.010000676486925,0.681143162690529
"2061","QDAEIU0004",81397,NA,"Blackbraes Regional Park/2009/P/1",2009-03-17,NA,2009-07-17,"Prescribed Burn",NA,NA,13766,63,"QLD (Queensland)","QPWS",0.011844717415215,0.578876349468071
"2066","SAAEYB0024",228198,"0",NA,1999-01-04,NA,NA,"Bushfire",NA,"Unknown",3619,30,"SA (South Australia)","SA DEW",0.003522508736296,0.295512707785714
"2071","SAAKAN0005",103397,"200611068","Birdville",2006-11-11,NA,NA,"Bushfire",NA,"Unknown",2365,20,"SA (South Australia)","SA DEW",0.00235822061768,0.200446919447669
"2076","VCAAUA0001",310798,"039",NA,2003-01-08,NA,NA,"Bushfire",NA,NA,1313364,3139,"VIC (Victoria)","VIC DEECA",0.39956632540725,4.38064604100071
"2081","VCAAUA0002",310798,"039",NA,2003-01-08,NA,NA,"Bushfire",NA,NA,1313364,3139,"VIC (Victoria)","VIC DEECA",0.39956632540725,4.38064604100071
"2086","VCAAUA0003",310798,"039",NA,2003-01-08,NA,NA,"Bushfire",NA,NA,1313364,3139,"VIC (Victoria)","VIC DEECA",0.39956632540725,4.38064604100071
"2091","VCAAUA0004",310798,"039",NA,2003-01-08,NA,NA,"Bushfire",NA,NA,1313364,3139,"VIC (Victoria)","VIC DEECA",0.39956632540725,4.38064604100071
"2096","VCAAUA0005",310798,"039",NA,2003-01-08,NA,NA,"Bushfire",NA,NA,1313364,3139,"VIC (Victoria)","VIC DEECA",0.39956632540725,4.38064604100071
"2101","VCAAUA0006",310798,"039",NA,2003-01-08,NA,NA,"Bushfire",NA,NA,1313364,3139,"VIC (Victoria)","VIC DEECA",0.39956632540725,4.38064604100071
"2106","VCAAUA0007",310798,"039",NA,2003-01-08,NA,NA,"Bushfire",NA,NA,1313364,3139,"VIC (Victoria)","VIC DEECA",0.39956632540725,4.38064604100071
"2111","VCAAUA0008",310798,"039",NA,2003-01-08,NA,NA,"Bushfire",NA,NA,1313364,3139,"VIC (Victoria)","VIC DEECA",0.39956632540725,4.38064604100071
"2116","VCAAUA0009",310798,"039",NA,2003-01-08,NA,NA,"Bushfire",NA,NA,1313364,3139,"VIC (Victoria)","VIC DEECA",0.39956632540725,4.38064604100071
"2121","VCAAUA0010",310798,"039",NA,2003-01-08,NA,NA,"Bushfire",NA,NA,1313364,3139,"VIC (Victoria)","VIC DEECA",0.39956632540725,4.38064604100071
"2126","VCAAUA0011",310798,"039",NA,2003-01-08,NA,NA,"Bushfire",NA,NA,1313364,3139,"VIC (Victoria)","VIC DEECA",0.39956632540725,4.38064604100071
"2131","VCAAUA0012",310798,"039",NA,2003-01-08,NA,NA,"Bushfire",NA,NA,1313364,3139,"VIC (Victoria)","VIC DEECA",0.39956632540725,4.38064604100071
"2136","VCAAUA0015",253798,"GP-MAC-HEY-0009","MOUNT DARLING - SNOWY BLUFF",2019-05-16,NA,NA,"Prescribed Burn",NA,NA,17961,110,"VIC (Victoria)","VIC DEECA",0.01825946478948,1.10175001262777
"2141","WAAPIL0030",256799,"999",NA,1997-10-10,NA,NA,"Unknown",NA,"Landsat",16245,717,"WA (Western Australia)","WA DFES",0.016987237599551,2.73267460542179
"2146","SATFLB0015",264400,"0","Horsnells Gully Fire",1957-02-14,NA,NA,"Bushfire",NA,"Unknown",939,15,"SA (South Australia)","SA DEW",0.000926116038954,0.152901789989473
"2151","WAAJAF0003",82599,"999",NA,2003-01-01,NA,NA,"Unknown",NA,"Landsat",6469,46,"WA (Western Australia)","WA DFES",0.006340811514292,0.460227994149162
"2156","SATFLB0002",249401,"200904028","Hale Roadside A09",2009-10-30,NA,NA,"Prescribed Burn",NA,"Unknown",36,5,"SA (South Australia)","SA DEW",3.5585382193e-05,0.051030146636209
