"","site_location_name","Aquatic","Bryophyte","Chenopod","Cycad","Epiphyte","Fern","Forb","Fungus","Grass.tree","Heath.shrub","Hummock.grass","NC","Rush","Sedge","Shrub","Shrub.Mallee","Tree.fern","Tree.Mallee","Tree.Palm","Tussock.grass","Vine","vegetation_type"
"1","NSABBS0001",0,0,0.1,0,0,0.8,5,0,0,0,0,0,0,0,3.7,0,0,0,33.6,0.9,0,"Tree.Palm"
"2","NSABBS0002",0,0,0,0,0,2,7,0,0,0,0,0,0,0,24.1,0,0,3,23.2,1.7,0,"Shrub"
"3","NSABBS0003",0,0,0,0,0,0,0,0,0,5,0,0,0,0,13.5,0,0,0,40,0.1,0,"Tree.Palm"
"4","NSABBS0004",0,0,0,0,0,0,0.5,0,0,0,0,0,0,0,4.5,0,0.4,0,60.4,0.3,0,"Tree.Palm"
"5","NSABBS0005",0,0,0,0,0.2,0,0.1,0,0,1.3,0,0,0,0,15.7,0,0,0,50.7,0.1,0,"Tree.Palm"
"6","NSABBS0006",0,0,0,0,0.1,0,0.4,0,0,0,0,0,0,0,11.2,0,0,0,59.4,0.4,0,"Tree.Palm"
"7","NSABHC0001",0,0,0,0,0,0,7.1,0,0,0,0,0,0,0,16.3,0,0,0,0,3.4,0,"Shrub"
"8","NSABHC0002",0,0,12.1,0,0,0,12.1,0,0,0,0,0,0,0,0.2,0,0,0,0,6.5,0,"Chenopod"
"9","NSABHC0003",0,0,0,0,0,0,1.2,0,0,0,0,0,0,0,23.4,0,0,0,0,0.7,0,"Shrub"
"10","NSABHC0004",0,0,0,0,0,0,10.9,0,0,0,0,0,0,0,14,0,0,0,0,11.9,0,"Shrub"
"11","NSABHC0005",0,0,0,0,0,0,2.5,0,0,0,0,0,0,0,6.8,0,0,0,0,37.8,0,"Tussock.grass"
"12","NSABHC0006",0,0,0,0,0,0,3.7,0,0,0,0,0,0,0,17.6,0,0,0,0,29.2,0,"Tussock.grass"
"13","NSABHC0007",0,0,0.1,0,0,0,5,0,0,0,0,0,0,0,20.9,0,0,0,0,15.8,0,"Shrub"
"14","NSABHC0008",0,0,0,0,0,0,7.8,0,0,0,0,0,0,0,17.9,0,0,0,0,6.6,0,"Shrub"
"15","NSABHC0009",0,0,10.1,0,0,0,16.95,0,0,0,0,0,0,0,9.35,0,0,0,0.2,13.2,0,"Forb"
"16","NSABHC0010",0,0,0,0,0,0,2.2,0,0,0,0,0,0,0,9,0,0,0,0,3.8,0,"Shrub"
"17","NSABHC0011",0,0,18.6,0,0,0,3.1,0,0,0,0,0,0,0,0,0,0,0,0,12.3,0,"Chenopod"
"18","NSABHC0012",0,0,15,0,0,0,16.65,0,0,0,0,0,0,0,0,0,0,0,0,6.85,0.05,"Forb"
"19","NSABHC0013",0,0,7.1,0,0,0,3.9,0,0,0,0,0,0,0,0,0,0,0,0,11,0,"Tussock.grass"
"20","NSABHC0014",0,0,8.8,0,0,0,3.9,0,0,0,0,0,0,0,0.2,0,0,0,0,12.8,0,"Tussock.grass"
"21","NSABHC0015",0,0,16.4,0,0,0,2.2,0,0,0,0,0,0,0,0,0,0,0,0,26.7,0,"Tussock.grass"
"22","NSABHC0016",0,0,8.2,0,0,0,2.3,0,0,0,0,0,0,0,0,0,0,0,0,0.8,0,"Chenopod"
"23","NSABHC0017",0,0,3.8,0,0,0,1.6,0,0,0,0,0,0,0,0,0,0,0,0,16.8,0,"Tussock.grass"
"24","NSABHC0018",0,0,8.9,0,0,0,0.4,0,0,0,0,0,0,0,0,0,0,0,0,16.5,0,"Tussock.grass"
"25","NSABHC0019",0,0,10.9,0,0,0,0.6,0,0,0,0,0,0,0,0.1,0,0,0,0,24.4,0,"Tussock.grass"
"26","NSABHC0020",0,0,5.3,0,0,0,0.8,0,0,0,0,0,0,0,0.1,0,0,0,0,24.9,0,"Tussock.grass"
"27","NSABHC0021",0,0,1.6,0,0,0.1,10,0,0,0,0,0,0,0,0,0,0,0,0,10.5,0,"Tussock.grass"
"28","NSABHC0022",0,0,10.9,0,0,0,2.5,0,0,0,0,0,0,0,0,0,0,0,0,0.1,0,"Chenopod"
"29","NSABHC0023",0,0,1.8,0,0,0.1,8.5,0,0,0,0,0,0,0.5,3.2,0,0,0,0,4.1,0,"Forb"
"30","NSABHC0024",0,0,1.9,0,0,0,10.2,0,0,0,0,0,0,0,0.8,0,0,0,0,9,0.3,"Forb"
"31","NSABHC0025",0,0,1.8,0,0,0,5.9,0,0,0,0.1,0,0,0,0,0,0,0,0,15.5,0,"Tussock.grass"
"32","NSABHC0026",0,0,5.2,0,0,0,19,0,0,0,0,0,0,0,1.9,0,0,0,0,3.5,0.1,"Forb"
"33","NSABHC0028",0,0,5.8,0,0,0,1.7,0,0,0,0,0,0,0,0.1,0,0,9.6,0.3,1.4,0,"Tree.Mallee"
"34","NSABHC0029",0,0,0,0,0,0,7.5,0,0,0,0,0,0,0,2,0,0,0,68,1.2,0.1,"Tree.Palm"
"35","NSACHC0001",0,0,0.4,0,0,0,0.4,0,0,0,0,0,0,0.3,5,0,0,0,0,0.3,0,"Shrub"
"36","NSACHC0002",0,0,7.7,0,0,0,0.6,0,0,0,0,0,0,0.7,2.5,0,0,0,15,1,0,"Tree.Palm"
"37","NSACHC0003",0,0,5.7,0,0,0,0.9,0,0,0,0,0,0,0,0.6,0,0,0,15.7,0.2,0,"Tree.Palm"
"38","NSACHC0004",0,0,0.5,0,0,0,0,0,0,0,0,0,0,0,22.8,0,0,0,0.9,0.6,0,"Shrub"
"39","NSACOP0001",0,0,0,0,0,0,1.1,0,0,0,0,0,0,0,0,0,0,0,12.2,0.1,0,"Tree.Palm"
"40","NSACOP0002",0,0,0.2,0,0,0,0.1,0,0,0,0,0,0,0,0.2,0,0,0,30.1,0.2,0,"Tree.Palm"
"41","NSAMDD0001",0,0,9.1,0,0,0,36.7,0.2,0,0,0,1.3,0,0,0,0,0,0,0,0.9,0,"Forb"
"42","NSAMDD0002",0,0,1.7,0,0,0,0.1,0,0,0,17.3,0,0,0,0.9,0.3,0,42.7,0,0.2,0,"Tree.Mallee"
"43","NSAMDD0003",0,0,13.4,0,0,0,5,0,0,0,0,0,0,0,44.2,0,0,0.2,0.6,0,0,"Shrub"
"44","NSAMDD0004",0,0,17,0,0,0,12,0,0,0,0,0,0,0,1.8,0,0,0,10.6,0.4,0,"Chenopod"
"45","NSAMDD0005",0,0,4.2,0,0,0,3.9,0,0,0,0,0.3,0,0,1.3,0,0,24.7,0,0.1,0,"Tree.Mallee"
"46","NSAMDD0006",0,0,28.9,0,0.1,0,1.2,0,0,0,0,0,0,0,0.3,0,0,0,11.8,0.2,0,"Chenopod"
"47","NSAMDD0007",0,0,0.9,0,0,0,0,0,0,0,8.8,0,0,0,18.1,3.5,0,12.5,1.4,0,0,"Shrub"
"48","NSAMDD0008",0,0,5.6,0,0,0,0.4,0,0,0,0,0,0,0,24.9,0,0,0,2.9,0.4,0.1,"Shrub"
"49","NSAMDD0009",0,0,1.8,0,0.7,0,0,0,0,0,0,0,0,0,1.9,0,0,0,29.9,0,0.1,"Tree.Palm"
"50","NSAMDD0010",0,0,22.3,0,0,0,33.2,0,0,0,0,0,0,0,0.5,0,0,0.3,0,0.4,0,"Forb"
"51","NSAMDD0011",0,0,0,0,0,0,0,0,0,0,11.7,0,0,0,1.3,0.1,0,15,0,0,0,"Tree.Mallee"
"52","NSAMDD0012",0,0,7.5,0,0,0,0,0,0,0,0,0,0,0,0,0,0,0,0,0,0,"Chenopod"
"53","NSAMDD0013",0,0,6.7,0,0,0,5.2,0,0,0,4.8,0,0,0,4.4,0.3,0,11.4,0.1,0,1.3,"Tree.Mallee"
"54","NSAMDD0014",0,0,0.2,0,0,0,0,0,0,0,32.5,0,0,0,1.8,0.5,0,22.1,1.8,0,0,"Hummock.grass"
"55","NSAMDD0015",0,0,1.3,0,0,0,0,0,0,0,0,0.1,0,0,5.7,0,0,0,24.7,0.1,0,"Tree.Palm"
"56","NSAMDD0016",0,0,7.9,0,0,0,25.8,0,0,0,0,0,0,0,3.1,0,0,0,0,1.7,0,"Forb"
"57","NSAMDD0017",0,0,1.5,0,0.1,0,2.9,0,0,0,0,0,0,0,6.9,0,0,0,22.7,0.1,0,"Tree.Palm"
"58","NSAMDD0018",0,0,0.8,0,0.3,0,0.7,0,0,0,0.3,0,0,0,20.3,1.9,0,27.5,3.4,0.7,0.2,"Tree.Mallee"
"59","NSAMDD0019",0,0,0.3,0,0,0,17.9,0,0,0,0,0.5,0,0.6,0,0,0,0,1,15.9,0,"Forb"
"60","NSAMDD0020",0,0,1.9,0,0,0,10.2,0,0,0,0,0,0,0,2.3,0,0,0,25.9,1,0,"Tree.Palm"
"61","NSAMDD0021",0,0,1.5,0,0,0,10.6,0,0,0,0,0,0,0,2.5,0,0,0,10.6,6.2,0,"Forb"
"62","NSAMDD0022",0,0,0.3,0,0,0.1,0.5,0,0,0,0,0,0,0,36,14.3,0,16.7,0.9,1.1,0,"Shrub"
"63","NSAMDD0023",0,0,6.7,0,0.1,0,18.4,0,0,0,0,0,0,0,3,0,0,0,13,1.2,0.1,"Forb"
"64","NSAMDD0024",0,0,0,0,0,0,5.9,0,0,0,0,0,0,0,23.9,0,0,0,1,6.4,0,"Shrub"
"65","NSAMDD0025",0,0,0.5,0,0,0,9.2,0,0,0,0,0,0,0,2.2,0,0,0,16,0.1,0,"Tree.Palm"
"66","NSAMDD0026",0,0,0.1,0,0,0,16.2,0,0,0,0,0,0,0,7.4,0,0,0,0,0.2,0,"Forb"
"67","NSAMDD0027",0,0,0.8,0,0.1,0.4,0.4,0,0,0,0,0.1,0,0,2.2,0,0,0,29.1,0.4,0,"Tree.Palm"
"68","NSAMDD0028",0,0,9.4,0,0,0,0.8,0,0,0,0,0,0,0,17.6,0,0,0,0,1.1,0,"Shrub"
"69","NSAMDD0029",0,0,5,0,0,0,3.6,0,0,0,0,0,0,0,11.2,0,0,0,0,8.2,0.1,"Shrub"
"70","NSAMDD0030",0,0,9.4,0,0,0,2.5,0,0,0,0,0,0,0,1.3,0,0,0,18,0.8,0,"Tree.Palm"
"71","NSAMDD0031",0,0,0,0,0,0,0.2,0,0,0,0.4,0,0,0,22.9,0,0,0,11.7,0,0,"Shrub"
"72","NSAMDD0032",0,0,0.6,0,0,0,5.4,0,0,0,0,0,0,0,3.1,0,0,0,31.5,0.2,0,"Tree.Palm"
"73","NSAMUL0001",0,0,0.4,0,0,0,0,0,0,0,0,0,0,0,23.8,0,0,0,0.3,0.1,0,"Shrub"
"74","NSAMUL0002",0,0,2.3,0,0,0,2.8,0,0,0,0,0,0,0,15.1,0,0,0,19.2,0,0,"Tree.Palm"
"75","NSAMUL0003",0,0,0.3,0,0,1.8,0.4,0,0,0,0,0,0,0,7,0,0,0,16.3,0.2,0,"Tree.Palm"
"76","NSAMUL0004",0,0,0,0,0.1,0,0.2,0,0,0,0,0,0,0,0.5,0,0,0,40.9,0.3,0,"Tree.Palm"
"77","NSANAN0001",0,0,0,0,0,0,2.1,0,0,3.4,0,0,4.6,0,4.4,0,0,0,61.9,31.7,0,"Tree.Palm"
"78","NSANAN0002",0,0,0,0,0,0,1.1,0,0,0,0,0,0.6,0,2.9,0,0,0,46.8,4,0,"Tree.Palm"
"79","NSANET0001",0,0,0,0,0,0,0.9,0,0.6,4.5,0,0,0.2,6.3,15,0,0,0,44.8,2.8,0,"Tree.Palm"
"80","NSANSS0001",0,0,0,0,0,0.2,0.1,0,0.2,0,0,0,8,23,2.5,0,0,0,58.4,2.3,0,"Tree.Palm"
"81","NSANSS0002",0,0,0,0,0,0,3.2,0,0,0.5,0,0,0.1,0.1,2.8,0,0,0,57.9,2.7,0,"Tree.Palm"
"82","NSTNSS0001",0,0,0,0,0,0,2.8,0,0,0,0,0,0.9,0,6.5,0,0,0,50.9,1.9,0,"Tree.Palm"
"83","NSTSYB0001",0,0,0,0,0,0.3,15.3,0,0,0,0,0,0,9.9,61.3,0.2,0,0,38.9,0.6,0.8,"Shrub"
"84","NSTSYB0002",0,0,0,0,0.1,0.8,2.3,0,0,0,0,0,0,15.3,61.2,0,0,0,64.5,0.6,0.2,"Tree.Palm"
"85","NSTSYB0003",0,0,0,0,0,0.1,2.7,0,0,0,0,0,0,11.6,57.7,0,0,0,57.1,0.6,0,"Shrub"
"86","NSTSYB0004",0,0,0,0,0,0.9,8,0,0,0,0,0,2.8,7.5,50.5,0,0,0,71.3,2.4,0.5,"Tree.Palm"
"87","NSTSYB0005",0,0,0,0,0,0.5,14,0,0,0,0,0,1.2,17.2,45.4,0,0,0,49.2,0.9,0.6,"Tree.Palm"
"88","NSTSYB0006",0,0,0,0,0,4.3,4.7,0,0,0,0,0,0,0,36.1,0,0,0,55.2,2.2,0,"Tree.Palm"
"89","NSTSYB0007",0,0,0,0,0.3,0,3.8,0,0,0,0,0,0,1.3,21.2,0,0,0,56.2,41.2,0,"Tree.Palm"
"90","NSTSYB0008",0,0,0,0,0,0,2.8,0,0,0,0,0,3.9,0,3,0,0,0,55.3,22.3,0,"Tree.Palm"
"91","NSTSYB0009",0,0,0,0,0,0.4,18.4,0,0,0,0,0,0,24.7,50.2,0.7,0,0,26.7,0.4,0,"Shrub"
"92","NTAARP0001",0,0,0,0,0,0,4.7,0,0,0,8.5,0,0,0.4,7.3,0,0,0,44.8,23.5,0,"Tree.Palm"
"93","NTAARP0002",0,0,0,0,0,0,4.7,0,0,0,4.3,0,0.5,3.6,6.4,0,0,0,23.7,20.1,0.2,"Tree.Palm"
"94","NTAARP0003",0,0,0,0,0.1,0,0.6,0,0,0.1,0.9,0,0,0,3.7,0,0,0,19.4,6.9,0.3,"Tree.Palm"
"95","NTAARP0004",0,0,0,0,0,0,1.8,0,0,0,0,0,1.15,0.05,16.2,0,0,0,26.65,35.4,3.25,"Tussock.grass"
"96","NTAARP0005",0,0,0,0,0,0,6.75,0,0,0,23.35,0,0.4,0.85,25.35,0,0,0,40.45,7.25,0.25,"Tree.Palm"
"97","NTABRT0001",0,0,0.2,0,0,0.05,2.45,0,0,0,0.5,0,0,0,26.9,0,0,0,8.35,21,0.5,"Shrub"
"98","NTABRT0002",0,0,0.4,0,0,0.35,3.8,0,0,0,0,0,0,0,33.8,0,0,0,12,18.15,0,"Shrub"
"99","NTABRT0003",0,0,0.05,0,0,0.1,4.7,0,0,0,10.5,0,0,0,20.05,0,0,0,11.2,18.1,0,"Shrub"
"100","NTABRT0004",0,0,0.7,0,0,0,6.2,0,0,0,2,0,0,0,29.2,0,0,0,0,15.2,0,"Shrub"
"101","NTABRT0005",0,0,0,0,0,0,6.5,0,0,0,11.1,0,0,0,1.75,0,0,0,1.15,19.8,0,"Tussock.grass"
"102","NTABRT0006",0,0,0,0,0,0,11.65,0,0,0,0.75,0,0,0,32.55,0,0,0,1.05,16.6,0.3,"Shrub"
"103","NTABRT0007",0,0,0,0,0,0,4.2,0,0,0,0,0,0,0,1,0,0,0,0.3,33.1,0,"Tussock.grass"
"104","NTABRT0008",0,0,0,0,0,0,4.5,0,0,0,6.3,0,0,0,17,0.1,0,0,0,0.1,0,"Shrub"
"105","NTADAC0001",0,0,0,0,0,0,1.3,0,0,0,0,0,0,0,19.7,0,0,0,29.8,77.8,2,"Tussock.grass"
"106","NTADAC0002",0,0,0,0,0,0,15.3,0,0,0,0,0,0,0.1,24.1,0,0,0.1,26.6,24.7,0,"Tree.Palm"
"107","NTADMR0001",0,0,0,0,0,0,0.1,0,0,0.1,19,0,0,1.9,4.4,0,0,0,0.1,1.2,0.3,"Hummock.grass"
"108","NTADMR0002",0,0,0,0,0,0,0.7,0,0,0,24,0,0,0.2,1.4,1.5,0,0.4,0,0.6,0,"Hummock.grass"
"109","NTAFIN0001",0,0,0.266666666666667,0,0,0,5.6,0,0,0,0.3,0,0,2.06666666666667,1.26666666666667,0,0,0,0.166666666666667,7.86666666666667,0.333333333333333,"Tussock.grass"
"110","NTAFIN0002",0,0,2.53333333333333,0,0.0333333333333333,0,2.43333333333333,0,0,0,6.36666666666667,0,0,0.9,12.8,0,0,0.0333333333333333,13.4666666666667,32.0333333333333,0,"Tussock.grass"
"111","NTAFIN0003",0,0,0,0,0,0,0.666666666666667,0,0,0,0,0,0,0,4.13333333333333,0,0,0,13.3666666666667,9.7,0.0666666666666667,"Tree.Palm"
"112","NTAFIN0004",0,0,0.533333333333333,0,0,0.4,2.5,0,0,0,1.93333333333333,0,0,0,35.1666666666667,0,0,0,6.1,12,0.0666666666666667,"Shrub"
"113","NTAFIN0005",0,0,2.36666666666667,0,0,0,0.333333333333333,0,0,0,0.0333333333333333,0,0,2.76666666666667,8.46666666666667,0,0,0.0333333333333333,2.7,11.0333333333333,0.0666666666666667,"Tussock.grass"
"114","NTAFIN0006",0,0,0.333333333333333,0,0,0,5.03333333333333,0,0,0,1.6,0,0,0.0666666666666667,1.4,0,0,0,0.166666666666667,5.5,0,"Tussock.grass"
"115","NTAFIN0007",0,0,2.86666666666667,0,0,0,2.76666666666667,0,0,0,0,0,0,0,0.9,0,0,0,0.1,8,0,"Tussock.grass"
"116","NTAFIN0008",0,0,0.0333333333333333,0,0,0,0.466666666666667,0,0,0,13.6,0,0,0,2.6,0,0,0,0,16.1333333333333,0.0333333333333333,"Tussock.grass"
"117","NTAFIN0009",0,0,0.3,0,0,0,1.83333333333333,0,0,0,5.5,0,0,0,13.8,0.233333333333333,0,0.0666666666666667,2.66666666666667,3.73333333333333,0.166666666666667,"Shrub"
"118","NTAFIN0010",0,0,0.866666666666667,0,0,0,6.23333333333333,0,0,0,6.93333333333333,0,0,0,4.56666666666667,0,0,0,0.1,4.86666666666667,0.2,"Hummock.grass"
"119","NTAFIN0011",0,0,0.666666666666667,0,0,0,3.7,0,0,0,12.6333333333333,0,0,0,16.2333333333333,0,0,0,1.26666666666667,13.4666666666667,0.0333333333333333,"Shrub"
"120","NTAFIN0012",0,0,6.3,0,0,0,1.3,0,0,0,0,0,0,5,0,0,0,0,0,35.5,0,"Tussock.grass"
"121","NTAFIN0013",0,0,2.1,0,0,0,1.6,0,0,0,0,0,0,0.1,7.9,0,0,0,24.1,6.8,0.5,"Tree.Palm"
"122","NTAFIN0014",0,0,0.9,0,0.1,0,0.6,0,0,0,25.9,0,0,0,1.7,0,0,0,6.7,11.2,0,"Hummock.grass"
"123","NTAFIN0015",0,0,0,0,0,0,0,0,0,0,1,0,0,0,3.1,0,0,0,31.1,12.6,0,"Tree.Palm"
"124","NTAFIN0016",0,0,4,0,0,0,0.4,0,0,0,0,0,0,0,0.1,0,0,0,0,25.6,0,"Tussock.grass"
"125","NTAFIN0017",0,0,0,0,0,0,0.2,0,0,0,0.2,0,0,0,0,0,0,0,12.2,23.3,0,"Tussock.grass"
"126","NTAFIN0018",0,0,5.3,0,0,0,0.2,0,0,0,0,0,0,0,19,0,0,0,0.1,9.7,0,"Shrub"
"127","NTAFIN0019",0,0,1.8,0,0.1,0,1,0,0,0,0,0,0,0,2.4,0,0,0,11.2,42.7,0,"Tussock.grass"
"128","NTAFIN0020",0,0,0.1,0,0,0,1.9,0,0,0,16.7,0,0,0,0.1,0,0,0,7.4,28.4,0,"Tussock.grass"
"129","NTAFIN0021",0,0,4.2,0,0,0,0.3,0,0,0,0,0,0,0,0.3,0,0,0,0,7.5,0,"Tussock.grass"
"130","NTAFIN0022",0,0,0.2,0,0,0,1.9,0,0,0,0,0,0,0,16.5,0,0,0,0,8.8,0,"Shrub"
"131","NTAFIN0023",0,0,0.8,0,0.3,0,0,0,0,0,25.3,0,0,0,4.9,0,0,10.1,0,3.7,0,"Hummock.grass"
"132","NTAFIN0024",0,0,11.3,0,0,0,0,0,0,0,0,0,0,0,0.7,0,0,0,12.9,1.4,0,"Tree.Palm"
"133","NTAFIN0025",0,0,1.8,0,0,0,0.7,0,0,0,0,0,0,1.5,12.3,0,0,0,0,20.2,0,"Tussock.grass"
"134","NTAFIN0026",0,0,1.6,0,0,0,6.7,0,0,0,0,0,0,0,18.9,0,0,0,0.2,26.7,0,"Tussock.grass"
"135","NTAFIN0027",0,0,0.1,0,0,0,3.8,0,0,0,0,0,0,0,0.6,0,0,0,0,39.6,0,"Tussock.grass"
"136","NTAFIN0028",0,0,7.5,0,0,0,0.7,0,0,0,0,0,0,0.3,0,0,0,0,0,6.3,0,"Chenopod"
"137","NTAFIN0029",0,0,2.5,0,0,0,0.6,0,0,0,0,0,0,0.6,0,0,0,0,0,19.8,0,"Tussock.grass"
"138","NTAFIN0030",0,0,0.6,0,0,0,0.6,0,0,0,0,0,0,3.7,41.4,0,0,0,0,7.6,0,"Shrub"
"139","NTAFIN0031",0,0,3.9,0,0,0,1.2,0,0,0,0,0,0,0.1,9.8,0,0,0,0,3.2,0,"Shrub"
"140","NTAFIN0032",0,0,0.2,0,0,0,0.5,0,0,0,5,0,0,0,22.9,0,0,0,0,21.6,0,"Shrub"
"141","NTAFIN0033",0,0,0.5,0,0,0,3.6,0,0,0,2.9,0,0,0,13.2,0,0,0,2.7,21.2,0,"Tussock.grass"
"142","NTAGFU0001",0,0,0.3,0,0,0,3.1,0,0,0,0,0,0,0,9.3,0,0,5.7,0.9,39.6,0,"Tussock.grass"
"143","NTAGFU0002",0,0,0,0,0,0,0.3,0,0,0,32.3,0,0,1.5,1.1,0,0,9.4,0,6.4,1.4,"Hummock.grass"
"144","NTAGFU0003",0,0,0,0,0,0,2.8,0,0,0,6.3,0,0,0,0.5,0,0,24.3,0,18.5,0,"Tree.Mallee"
"145","NTAGFU0004",0,0,0,0,0,0,1.5,0,0,0,24.3,0,0,0.3,2.7,0,0,0,0.4,2,0,"Hummock.grass"
"146","NTAGFU0005",0,0,0,0,0,0,1,0,0,0,32.6,0,0,0.5,17.7,0,0,0,14,7.8,0.1,"Hummock.grass"
"147","NTAGFU0006",0,0,0,0,0,0,7.1,0,0,0,13,0,0,0,2.7,0,0,0,6.3,54.7,0.1,"Tussock.grass"
"148","NTAGFU0007",0,0,0,0,0,0,0.1,0,0,0,40.6,0,0,0.2,4.4,0,0,0,0,0.3,0,"Hummock.grass"
"149","NTAGFU0008",0,0,0.1,0,0,0,3,0,0,0,17.5,0,0,5.5,0.1,0,0,1.9,0,10.5,0,"Hummock.grass"
"150","NTAGFU0009",0,0,0,0,0,0,0.1,0,0,0,22.7,0,0,0,8.7,0,0,0.1,12.8,13.1,0.1,"Hummock.grass"
"151","NTAGFU0010",0,0,0,0,0.2,0,0.4,0,0,0,40.9,0,0,0,0,0,0,18.8,0,0.1,0,"Hummock.grass"
"152","NTAGFU0011",0,0,0,0,0,0,4.4,0,0,0,17.5,0,0,0,14.6,0,0,8.6,0,31.5,0,"Tussock.grass"
"153","NTAGFU0012",0,0,0,0,0,0,0.3,0,0,0,20,0,0,0.2,2.4,0,0,17.9,0,16.6,0,"Hummock.grass"
"154","NTAGFU0013",0,0,0,0,0,0,2.4,0,0,0,11.7,0,0,0,25.2,0,0,2,0.2,36.5,0.2,"Tussock.grass"
"155","NTAGFU0014",0,0,0,0,0,0,0.6,0,0,0,3.5,0,0,6.7,1.7,0,0,0,13.2,14,0,"Tussock.grass"
"156","NTAGFU0015",0,0,0,0,0,0,0,0,0,0,39.2,0,0,0.3,10.2,0,0,8.9,0,9.4,0,"Hummock.grass"
"157","NTAGFU0016",0,0,0,0,0,0,1.9,0,0,0,2.4,0,0,0,19.4,0,0,0.3,0.5,39.2,0,"Tussock.grass"
"158","NTAGFU0017",0,0,0,0,0,0,6.6,0,0,0,1.6,0,0,4.9,30.5,0,0,0,4.6,41.4,0.5,"Tussock.grass"
"159","NTAGFU0018",0,0,0,0,0,0,0,0,0,0,0,0,0,0.4,0.1,0,0,0,37.7,28.5,0,"Tree.Palm"
"160","NTAGFU0019",0,0,0,0,0,0,3.1,0,0,0,11,0,0,0,9.8,0,0,3.3,8.3,34.5,0,"Tussock.grass"
"161","NTAGFU0020",0,0,0,0,0,0,1.8,0,0,0,14.7,0,0,0,35.4,0,0,0.5,0.4,46,0.3,"Tussock.grass"
"162","NTAGFU0021",0,0,0,0,0,0,0.1,0,0,0,22.3,0,0,0,24.5,0,0,6.1,0,14.7,0,"Shrub"
"163","NTAGFU0022",0,0,0,0,0,0,0.1,0,0,0,34.4,0,0,0,0.2,0,0,13.4,0,5.1,0,"Hummock.grass"
"164","NTAGFU0023",0,0,0,0,0,0,0,0,0,0,23.9,0,0,0,44.5,0,0,0,0.9,6.2,0,"Shrub"
"165","NTAGFU0024",0,0,0,0,0,0,1.8,0,0,0,28.7,0,0,0,13.5,0,0,0,4.6,6.7,0.2,"Hummock.grass"
"166","NTAGFU0025",0,0,0,0,0,0,0.3,0,0,0,0.5,0,0,1.3,54.4,0,0,0.1,0.4,50.1,0,"Shrub"
"167","NTAGFU0026",0,0,0,0,0,0,3.1,0,0,0,1.3,0,0,0.1,3.2,0,0,0,17.1,56.1,0,"Tussock.grass"
"168","NTAGFU0027",0,0,0,0,0,0,7,0,0,0,4.5,0,0,1.7,17.9,0,0,0,8,30.1,0.1,"Tussock.grass"
"169","NTAGFU0028",0,0,0,0,0,0,1.5,0,0,0,21,0,0,0,9.5,0,0,0,13.3,17.4,0,"Hummock.grass"
"170","NTAGFU0029",0,0,0,0,0,0,5.3,0,0,0,0,0,0,0,2.5,0,0,0,12.5,57.9,0,"Tussock.grass"
"171","NTAGFU0030",0,0,0,0,0,0.2,1.2,0,0,0,0.5,0,0,0.7,3,0,0,0,48.8,28.1,0,"Tree.Palm"
"172","NTAGFU0031",0,0,0,0,0,0,0.4,0,0,0,5,0,0,0.5,29.6,0,0,0,2,25.4,0,"Shrub"
"173","NTAGFU0032",0,0,0,0,0,0,0.8,0,0,0,0.4,0,0,0.2,16,0.7,0,0,0.2,34.9,0,"Tussock.grass"
"174","NTAGFU0033",0,0,0,0,0,0,0.4,0,0,0,0,0,0,1.1,3.6,0,0,0,68.8,5,0,"Tree.Palm"
"175","NTAGFU0034",0,0,0,0,0,0,0,0,0,0,0,0,0,0,16.8,0,0,0,20.3,13.2,0,"Tree.Palm"
"176","NTAGFU0035",0,0,0,0,0,0,2.4,0,0,0,0.7,0,0,0.9,5.4,0,0,0,18.4,20.8,0,"Tussock.grass"
"177","NTAGFU0036",0,0,0,0,0,0.1,0.5,0,0,0,0,0,0,0.4,2.4,0,0,8.4,33.9,18.3,0,"Tree.Palm"
"178","NTAGFU0037",0,0,0,0,0,0,0.4,0,0,0,0,0,0,0.8,15,0,0,0,17.8,47,0,"Tussock.grass"
"179","NTAGFU0038",0,0,0,0,0,0,0.9,0,0,0,0,0,0,0.4,3.8,0,0,3.3,48.7,21.1,0,"Tree.Palm"
"180","NTAGFU0039",0,0,0,0,0,0,1.4,0,0,0,0,0,0,0,5.6,0,0,9.5,1.2,67.4,0,"Tussock.grass"
"181","NTAGFU0040",0,0,0,0,0,0,0.5,0,0,0,0,0,0,0.1,42.5,0,0,0,24.4,34.4,0.1,"Shrub"
"182","NTAGFU0041",0,0,0,0,0,0,4.5,0,0,0,0,0,0,0,5.9,0,0,0,23.7,60.7,0.3,"Tussock.grass"
"183","NTAMAC0001",0,0,0.85,0,0,0,6.65,0,0,0,7.75,0,0,0,12.2,0.35,0,0.05,1.35,14.15,0,"Tussock.grass"
"184","NTAMAC0002",0,0,0,0,0,0,0.25,0,0,0,0,0,0,0,1.2,0,0,0,18.9,8.55,0,"Tree.Palm"
"185","NTAMAC0003",0,0,0,0,0.1,0,2.45,0,0,0,0.1,0,0,0,3.35,0,0,0,1.2,38.9,0,"Tussock.grass"
"186","NTAMGD0001",0,0,0,0,0,0,12.6,0,0,0,0,0,0,0.2,13,0,0,0,14.8,11.8,0.1,"Tree.Palm"
"187","NTAMGD0002",0,0,0,0,0,0,14.3,0,0,0,0,0,0,2.4,0,0,0,0,0,19.1,0.5,"Tussock.grass"
"188","NTAMGD0003",0,0,0,0,0,0,9,0,0,0,11.6,0,0,1.9,7.2,0,0,0,8,10.8,1,"Hummock.grass"
"189","NTAMGD0004",0,0,0,0,0,0,10,0,0,0,0,0,0,0.3,3.7,0.1,0,0.9,2.8,36,1,"Tussock.grass"
"190","NTAMGD0005",0,0,0,0,0,0,5.7,0,0,0,8.1,0,0,0.2,19.9,0,0,6.1,0.2,17.9,4.6,"Shrub"
"191","NTAPCK0001",0,0,0,0,0,0,5,0,0,0,0,0,0,0,35,0,0,0,25.9,36.5,0.2,"Tussock.grass"
"192","NTAPCK0002",0,0,0,0,0,0,11.5,0,0,0,0,0,0,0,12.2,0,0,0,25.1,33.9,0,"Tussock.grass"
"193","NTAPCK0003",0,0,0,0,0,0,20.7,0,0,0.1,0,0,0,0.1,8.1,0,0,0,41.6,37.9,11.9,"Tree.Palm"
"194","NTAPCK0004",0,0,0,0,0,0,8.2,0,0,0.2,0,0,0.05,0.1,9.6,0,0,0,31,52.7,5.35,"Tussock.grass"
"195","NTAPCK0005",0,0,0,0,0,0,0.8,0,0,0,0,0,0,0,5.6,0,0,0,17.6,3.4,0,"Tree.Palm"
"196","NTAPCK0006",0,0,0,0,0,0,16.35,0,0,0.2,0,0,0.65,5.8,14.8,0,0,0,9.5,46.95,0.3,"Tussock.grass"
"197","NTAPCK0007",0,0,0,0,0,0,10.05,0,0,0.55,0,0,0,0.35,14.65,0,0,0,31.75,51.4,2.7,"Tussock.grass"
"198","NTAPCK1009",0,0,0,0,0,0,6.8,0,0,0,0,0,0,4,21.4,0,0,0,14.9,46.1,0.4,"Tussock.grass"
"199","NTAPCK1010",0,0,0,0,0,0,5.6,0,0,0,0,0,0,0.8,28.1,0,0,0,28.3,26.5,0.3,"Tree.Palm"
"200","NTAPCK1011",0,0,0,0,0,0,0.6,0,0,0,0,0,0,0.9,15,0,0,0,34.8,36.1,0.8,"Tussock.grass"
"201","NTAPCK1012",0,0,0,0,0,0,2.2,0,0,0,0,0,0,0.4,18.2,0,0,0,44.2,32.9,1.1,"Tree.Palm"
"202","NTAPCK2013",0,0,0,0,0,0,6.9,0,0,0,0,0,0,0.8,12.1,0,0,0,42,38.7,9.2,"Tree.Palm"
"203","NTAPCK2014",0,0,0,0,0,0,8.4,0,0,0,0,0,0,0.9,8.7,0,0,0,30.4,46.3,6.9,"Tussock.grass"
"204","NTASSD0001",0,0,0,0,0,0,6.4,0,0,0,14.9,0,0,0,13.7,0,0,0,0,14.2,0,"Hummock.grass"
"205","NTASSD0003",0,0,0.1,0,0,0,13.7,0,0,0,5.6,0,0,0,13.7,0,0,0,0,2.3,0,"Forb"
"206","NTASSD0004",0,0,0,0,0,0,9.5,0,0,0,2.5,0,0,0,16.8,0,0,0,0,5.2,0,"Shrub"
"207","NTASSD0005",0,0,0.1,0,0,0,10.3,0,0,0,3.8,0,0,0,4.2,0,0,0,0,3.4,0,"Forb"
"208","NTASSD0006",0,0,0,0,0,0,1.3,0,0,0,0,0,0,0,1,0,0,0,0,14.4,0,"Tussock.grass"
"209","NTASSD0007",0,0,0.1,0,0,0,8.2,0,0,0,7.6,0,0,0,1.4,0,0,0,0,5.4,0.1,"Forb"
"210","NTASSD0008",0,0,0,0,0,0,2.8,0,0,0,0,0,0,0,7.7,0,0,0,0,13.7,0,"Tussock.grass"
"211","NTASSD0009",0,0,0,0,0,0,4.7,0,0,0,0,0,0,0,3.8,0,0,0,0,14.8,0.1,"Tussock.grass"
"212","NTASSD0010",0,0,0.1,0,0,0,10.1,0,0,0,5.6,0,0,0,2.7,0,0,0,0,5.8,0,"Forb"
"213","NTASSD0011",0,0,0.1,0,0,0,0.1,0,0,0,0,0,0,0,0,0,0,0,0,1.2,0,"Tussock.grass"
"214","NTASSD0012",0,0,0.2,0,0,0,0,0,0,0,0,0,0,0,0,0,0,0,0,6.7,0,"Tussock.grass"
"215","NTASSD0013",0,0,1.2,0,0,0,0.2,0,0,0,0,0,0,0,0,0,0,0,0,0.8,0,"Chenopod"
"216","NTASSD0014",0,0,3.5,0,0,0,4.1,0,0,0,0,0,0,0,0,0,0,0,0,1,0,"Forb"
"217","NTASSD0015",0,0,1,0,0,0,7.2,0,0,0,0,0,0,0,4.4,0,0,0,1.3,0.4,0,"Forb"
"218","NTASSD0016",0,0,1.7,0,0,0,0.8,0,0,0,0,0,0,0,0,0,0,0,0,1,0,"Chenopod"
"219","NTASSD0017",0,0,2.6,0,0,0,0.5,0,0,0,0,0,0,0,5.6,0,0,0,0,1.6,0,"Shrub"
"220","NTASSD0018",0,0,0,0,0,0,2.2,0,0,0,0,0,0,0,0,0,0,0,0,3.7,0,"Tussock.grass"
"221","NTASSD0019",0,0,0,0,0,0,0.7,0,0,0,0,0,0,0,5.4,0,0,0,1.4,1.5,0,"Shrub"
"222","NTASTU0001",0,0,0,0,0,0,2.2,0,0,0,0,0,0,0,2,0,0,0,14.2,15.5,0,"Tussock.grass"
"223","NTASTU0002",0,0,0,0,0,0,0.6,0,0,0,0,0,0,0,2.9,0,0,2.3,17.9,34.4,0,"Tussock.grass"
"224","NTASTU0003",0,0,0,0,0,0,4.5,0,0,0,0,0,0,0,5.2,0,0,0,18,53.4,0.1,"Tussock.grass"
"225","NTASTU0004",0,0,0,0,0,0,4.9,0,0,0,0,0,0,0,5.9,0,0,0,19.5,61.5,4.5,"Tussock.grass"
"226","NTASTU0005",0,0,0,0,0,0,6.8,0,0,0,0,0,0,0,9.5,0,0,0,21.5,29.5,0,"Tussock.grass"
"227","NTATAN0001",0,0,0,0,0,0,0,0,0,0,14.8,0,0,0,30,5.2,0,0.3,0.7,3,0,"Shrub"
"228","NTATAN0002",0,0,0,0,0,0,0.5,0,0,0,18.2,0,0,0,29.9,0,0,0,1.2,8.7,0,"Shrub"
"229","NTATAN0003",0,0,0,0,0,0,8.7,0,0,0,20.9,0,0,0.2,5,0,0,0,0.8,0.2,0.1,"Hummock.grass"
"230","NTATAN0004",0,0,0,0,0,0,6.5,0,0,0,9,0,0,1.5,1.4,0.4,0,0.8,0,8.7,0.1,"Hummock.grass"
"231","NTTDAB0001",0,0,0,0,0,0,1.2,0,0,0,1.1,0,0,0.4,26.9,0,0,0,31.7,15.3,0.3,"Tree.Palm"
"232","NTTDAC0001",0,0,0,0,0,0,3.7,0,0,0,0,0,0,0,19.8,0,0,0,37.7,42.6,2.6,"Tussock.grass"
"233","NTTDMR0001",0,0,0,0,0,0,2.8,0,0,0,8,0,0,17.6,14.2,0,0,0,3.9,8.7,2.2,"Sedge"
"234","NTTDMR0002",0,0,0,0,0,0,1.2,0,0,0,8.3,0,0,8.9,3.5,0,0,0,7.1,26.6,0.3,"Tussock.grass"
"235","NTTDMR0003",0,0,0,0,0,0,2.7,0,0,0,2.2,0,0,13.1,3,0,0,0,4.5,30,2.2,"Tussock.grass"
"236","NTTMGD0001",0,0,0,0,0,0,9.4,0,0,0,0,0,0,4.5,3,0,0,0,9.9,30.2,0,"Tussock.grass"
"237","NTTPCK0001",0,0,0,0,0,0,5.9,0,0,0,0,0,0,3.7,23.4,0,0,0,46.9,42.9,0.3,"Tree.Palm"
"238","NTTSTU0001",0,0,0,0,0,0.6,5.6,0,0,0,0,0,0,1.4,3.5,0,0,0.2,49.8,32,1.9,"Tree.Palm"
"239","QDABBN0001",0,0,0,0,0,14.7,0.2,0,0,0,0,0,0,0,37.7,0,0,0,33.9,12.4,1.5,"Shrub"
"240","QDABBN0002",0,0,0,0,0,0.2,0.8,0,0,0,0,0,0,0.3,10.9,0,0,0.1,42.8,15.6,0.6,"Tree.Palm"
"241","QDABBS0001",0,0,0,0,0,0,10.4,0,0,0,0,0,0,6.1,0,0,0,0,0,77.3,1.3,"Tussock.grass"
"242","QDABBS0002",0,0,9.5,0,0,0,3.2,0,0,0,0,0,0,7.5,0,0,0,0,0,45.1,0.8,"Tussock.grass"
"243","QDABBS0003",0,0,2,0,0.1,0.4,2.9,0,0,0.3,0,0,0,0.8,16.4,0,0,0,53.1,35.7,0.3,"Tree.Palm"
"244","QDABBS0004",0,0,0,1,0,0,9.4,0,0,0,0,0,0.6,1.2,4.8,0,0,0,29,40.7,2.2,"Tussock.grass"
"245","QDABBS0005",0,0,0.6,0,0,0.1,9.2,0,0,0,0,0,0.3,3.4,2.2,0,0,0,31.2,28.5,1.3,"Tree.Palm"
"246","QDABBS0006",0,0,0.5,0,0,0,7.2,0,0,0,0,0,0,4.7,0,0,0,0,21.6,50.2,0.8,"Tussock.grass"
"247","QDABBS0007",0,0,5.1,0,0,0,12.7,0,0,0,0,0,0,2.2,1,0,0,0,14.7,20.4,0.7,"Tussock.grass"
"248","QDABBS0008",0,0,14.5,0,0,0,17.7,0,0,0,0,0,0,11.5,1.2,0,0,0,9,46.9,0.9,"Tussock.grass"
"249","QDABBS0009",0,0,4.8,0,0,0.1,22.9,0,0,0,0,0,0,2.5,10,0,0,0,39,22,0.4,"Tree.Palm"
"250","QDABBS0010",0,0,7.3,0,0,0.4,35.3,0,0,0,0,0,0,0.3,54.4,0,0,0,39,11.5,1.8,"Shrub"
"251","QDACHC0001",0,0,0,0,0,0,0.1,0,0,0,0,0,0,0.1,2.3,0,0,0,7.5,1.9,0,"Tree.Palm"
"252","QDACHC0002",0,0,0.1,0,0.2,0,0,0,0,0,0,0,0,0,8.4,0,0,0,10.9,0.2,0,"Tree.Palm"
"253","QDACHC0003",0,0,0.1,0,0,0,0,0,0,0,0,0,0,0,2.3,0,0,0,10.6,5.3,0,"Tree.Palm"
"254","QDACHC0004",0,0,1.7,0,0,0,0.9,0,0,0,0,0,0,4.5,1.9,0,0,0,7.6,8.6,0,"Tussock.grass"
"255","QDACHC0005",0,0,0.8,0,0,0,0.5,0,0,0,0,0,0,0.4,0,0,0,0,1,6.4,0,"Tussock.grass"
"256","QDACHC0006",0,0,4.2,0,0,0,0.6,0,0,0,0,0,0,0.4,0,0,0,0,0,8.8,0,"Tussock.grass"
"257","QDACHC0007",0,0,3.5,0,0,0,0.4,0,0,0,0,0,0,0,0.7,0,0,0,0,6.8,0,"Tussock.grass"
"258","QDACYP0001",0,0,0,0,4.5,0,0.4,0,0,0,0,0,0,0,63,0,0,0,0.5,2.6,0,"Shrub"
"259","QDACYP0002",0,0,0,0,0,0.2,0.7,0,6.6,0,0,0,0,24.5,51.8,0,0,0,1.3,1.5,1.9,"Shrub"
"260","QDACYP0003",0,0,0,0,5,0,0.6,0,0,0,17.8,0,0,19.6,74.2,0,0,0,0.7,0.5,0,"Shrub"
"261","QDACYP0004",0,0,0,0,0,0.1,16.6,0,0,0,0,0,0.4,5,9,0,0,0,26,30.9,1.2,"Tussock.grass"
"262","QDACYP0005",0,0,0,0,0,0,11.6,0,0,0,0,0,0.6,8.9,9.3,0,0,0,28.4,44.6,0,"Tussock.grass"
"263","QDACYP0006",0,0,0,0,0,0,5,0,0,0,0,0,0,0.2,11.5,0,0,0,27.4,51,0.4,"Tussock.grass"
"264","QDACYP0007",0,0,0,0,0.3,1.2,3.2,0,0,0,0,0,0,0.3,16.6,0,0,0,41.7,61.4,0,"Tussock.grass"
"265","QDACYP0008",0,0,0,0,0,0,2.1,0,15,1.4,0,0,2.3,14,9.2,0,0,0,30,10.7,1.3,"Tree.Palm"
"266","QDACYP0009",0,0,0,0,0,0.6,6.5,0,0,0,0,0,0.4,1,6,0,0,0,32.8,57.6,0.6,"Tussock.grass"
"267","QDACYP0010",0,0,0,0,0,0,6.2,0,0,0,0,0,0,4.1,1.5,0,0,0,0.2,86.1,5.3,"Tussock.grass"
"268","QDACYP0011",0,0,0,0,0,0.2,4.1,0,0,0,0,0,0,2.8,5.2,0,0,0,30.5,59.3,0.8,"Tussock.grass"
"269","QDACYP0012",0,0,0,0,0.3,0,5.9,0,0,0,0,0,0,0,30.7,0,0,0,79.9,0.3,46.2,"Tree.Palm"
"270","QDACYP0013",0,0,0,0,0,0,3.8,0,0,0,0,0,0,0.4,5.4,0,0,0,31.5,59.5,0.5,"Tussock.grass"
"271","QDACYP0014",0,0,0,0,0,0,8.4,0,0,0,0,0,0,8.4,5.1,0.1,0,0,35.6,55,0,"Tussock.grass"
"272","QDACYP0015",0,0,0,0,0,0,0.8,0,0,0,0,0,0,3.5,0.4,0,0,0,24.8,53.8,0,"Tussock.grass"
"273","QDACYP0016",0,0,0,0,0,0,1.7,0,0,23.8,0,0,2.4,14,12,0.1,0,0,55.3,14.9,0.7,"Tree.Palm"
"274","QDACYP0017",0,0,0,0,0,0.1,0.9,0,0,0,0,0,2.7,3.4,49.5,0,0,0,21.9,26.1,5.3,"Shrub"
"275","QDACYP0018",0,0,0,0,0,0,1.6,0,0,0,0,0,3.2,10.6,43.1,0,0,0,34.2,7.4,2.1,"Shrub"
"276","QDACYP0019",0,0,0,0,0.5,0,3.9,0,0,0,0,0,0.2,42.1,37.5,0,0,0,5.1,0.1,0.2,"Sedge"
"277","QDACYP0020",0,0,0,0,0,0,0.8,0,0,0,0,0,3.2,9,32.7,0,0,0.6,39.3,6.2,1.1,"Tree.Palm"
"278","QDACYP0021",0,0,0,0,0,0,5.2,0,0,0,0,0,5.7,1,15.1,0,0,0,48.6,22.4,4.1,"Tree.Palm"
"279","QDACYP0022",0,0,0,0,0,0,3.5,0,0,0,0,0,0.2,40.5,7,0.1,0,0,37.4,13.3,0,"Sedge"
"280","QDACYP0023",0,0,0,0,0,0,3.8,0,0,0,0,0,0,0.6,7,0,0,0,41.7,53.2,2.8,"Tussock.grass"
"281","QDACYP0024",0,0,0,0,0.1,0,4.2,0,0,0,0,0,3.5,0.5,7.3,0,0,0,48.4,42.6,0.5,"Tree.Palm"
"282","QDADEU0001",0,0,0,0,0,0,32.2,0,0,0,0,0,0,0.6,0.6,0,0,0,4.5,53.3,1.7,"Tussock.grass"
"283","QDAEIU0001",0,0,0,0,0,0,0.7,0,0,0,0,0,0,0.1,0.4,0,0,0,0,55.7,0,"Tussock.grass"
"284","QDAEIU0002",0,0,0,0,0,0,1.3,0,0,0,0,0,0,4.1,0.4,0,0,0,7.6,45,0,"Tussock.grass"
"285","QDAEIU0003",0,0,0,0,0,0,1.4,0,0,0,0,0,0.1,0,0.5,0,0,0.6,3.9,48.6,0,"Tussock.grass"
"286","QDAEIU0004",0,0,0,0,0,0,3.1,0,0,0,0,0,0,0,0.2,0,0,0,10.3,75.4,0,"Tussock.grass"
"287","QDAEIU0005",0,0,0,0,0,0,0,0,0,0,0,0,0,0,0,0,0,0,0.3,6.2,0,"Tussock.grass"
"288","QDAEIU0006",0,0,0,0,0,0,0,0,0,0,0,0,0.6,0,5.5,0,0,0,40.1,22.3,0,"Tree.Palm"
"289","QDAEIU0007",0,0,0,0,0,0,2.1,0,0,0,0,0,0.1,0,6.8,0,0,0,39.7,18.3,0,"Tree.Palm"
"290","QDAEIU0008",0,0,0.2,0,0,0,6.9,0,0,0,0,0,0,1.9,33.1,0,0,0,6.3,36.4,0.4,"Tussock.grass"
"291","QDAEIU0009",0,0,0,0,0,0,16.6,0,0,0,0,0,0,2,4.8,0,0,0,3.5,73,2.1,"Tussock.grass"
"292","QDAEIU0010",0,0,0,0,0,0,6.5,0,0,0,0,0,0,0.6,19,0,0,0,27.9,32,0.4,"Tussock.grass"
"293","QDAGUP0001",0,0,0,0,0.1,0,1,0,0,0,0,0,0,0,21.2,0,0,0,11.9,15.2,0,"Shrub"
"294","QDAGUP0002",0,0,0,0,0.1,0,1.4,0,0,0,0,0,0,0,7.4,0,0,0,16.2,8.8,0,"Tree.Palm"
"295","QDAGUP0003",0,0,0,0,0,0,0.1,0,0,0,0.1,0,0,0,10.3,0,0,0,18.1,8.2,0,"Tree.Palm"
"296","QDAGUP0004",0,0,0,0,0,0,0,0,0,0,0,0,0,0,5.4,0,0,0,13.4,2.9,0,"Tree.Palm"
"297","QDAGUP0005",0,0,0,0,0,0,0,0,0,0,0,0,0,0,19.4,0,0,0,24.4,0.3,0,"Tree.Palm"
"298","QDAGUP0006",0,0,0,0,0,0,0.1,0,0,0,0,0,0,0,11.4,0,0,0,12.2,0.1,0,"Tree.Palm"
"299","QDAGUP0007",0,0,0,0,0,0,2.7,0,0,0,0,0,0,0,0.2,0,0,0,0,40.6,0,"Tussock.grass"
"300","QDAGUP0008",0,0,0,0,0,0,0.2,0,0,0,0,0,0,0.1,16.9,0,0,0,12.4,19.1,0,"Tussock.grass"
"301","QDAGUP0009",0,0,0,0,0,0,1.5,0,0,0,0,0,0,0,0.4,0,0,0,0.4,46.2,0,"Tussock.grass"
"302","QDAGUP0010",0,0,0,0,0,0,0.4,0,0,0,0,0,0,0.3,19.7,0,0,0,3.1,5.4,0,"Shrub"
"303","QDAGUP0011",0,0,0,0,0,0,2.6,0,0,0,0,0,0,0,13.9,0,0,0,19.1,20.9,0,"Tussock.grass"
"304","QDAGUP0012",0,0,0,0,0,0,0.4,0,0,0,0,0,0,0.4,2.3,0,0,2.2,0.4,21.1,0,"Tussock.grass"
"305","QDAGUP0013",0,0,0,0,0,0,0,0,0,0,0,0,0,0.1,0.2,0,0,0,0.2,24.3,0,"Tussock.grass"
"306","QDAGUP0014",0,0,0,0,0,0,1.7,0,0,0,0,0,0,0,0,0,0,0,0,46.2,0,"Tussock.grass"
"307","QDAGUP0015",0,0,0,0,0,0,0.6,0,0,0,0,0,0,0,0.1,0,0,0,0,62,0.9,"Tussock.grass"
"308","QDAGUP0016",0,0,0,0,0,0,0.9,0,0,0,0,0,0,0,3.1,0,0,0,9,43.8,0.3,"Tussock.grass"
"309","QDAGUP0017",0,0,3,0,0,1.3,1.8,0,0,0,0,0,0,0.1,2.8,0,0,0,0,39.8,0.4,"Tussock.grass"
"310","QDAGUP0018",0,0,0,0,0,0,0.2,0,0,0,0,0,0,1.7,6.6,0,0,0,21.3,29.5,0.2,"Tussock.grass"
"311","QDAGUP0019",0,0,10.5,0,0,0,1.1,0,0,0,0,0,0,0,0.1,0,0,0,0,18,0,"Tussock.grass"
"312","QDAGUP0020",0,0,9.2,0,0,0,6.3,0,0,0,0,0,0,4.1,0,0,0,0,0,39.5,0,"Tussock.grass"
"313","QDAGUP0021",0,0,0,0,0.2,0,0.5,0,0,0,0,0,0,2.1,11.6,0,0,0,18.8,2.1,7.5,"Tree.Palm"
"314","QDAGUP0022",0,0,14.6,0,0,0,0.1,0,0,0,0,0,0,0.5,0,0,0,0,0,21.6,0.1,"Tussock.grass"
"315","QDAGUP0023",0,0,0,0,0,0,0.1,0,0,0,0,0,0,33.3,0,0,0,0,0,27.5,0,"Sedge"
"316","QDAGUP0024",0,0,9.2,0,0,0,0,0,0,0,0,0,0,0,0.1,0,0,0,0,10.1,0,"Tussock.grass"
"317","QDAGUP0025",0,0,0,0,0,0,1.8,0,0,0,0,0,0,0.4,4.6,0,0,0,13.6,25.8,6.6,"Tussock.grass"
"318","QDAGUP0026",0,0,0,0,0.1,0,0.4,0,0,0,0,0,0,0,6.7,0,0,0,4.8,39.9,0,"Tussock.grass"
"319","QDAGUP0027",0,0,0,0,0,0,0,0.1,0,0,0,0,0,0,10.7,0,0,0,47.7,0.6,0.1,"Tree.Palm"
"320","QDAGUP0028",0,0,0,0,0,0,0,0,0,0,0,0,0,0,25.3,0,0,0,25.6,2.1,0.2,"Tree.Palm"
"321","QDAGUP0029",0,0,0,0,0,0,0.5,0,0,0,0,0,0,1.6,8.1,0,0,0,2.4,16.6,0,"Tussock.grass"
"322","QDAGUP0030",0,0,0,0,0,0,0.2,0,0,0,0,0,0,0.7,7.3,0,0,0,7.4,20.2,0,"Tussock.grass"
"323","QDAGUP0031",0,0,0,0,0,0,0.5,0,0,0,0,0,0,0.9,4.3,0,0,0,8.8,18.9,0,"Tussock.grass"
"324","QDAMGD0001",0,0,0.2,0,0,0,1.2,0,0,0,0,0,0,0,0.8,0,0,0,0,30.8,0,"Tussock.grass"
"325","QDAMGD0002",0,0,0.5,0,0,0,2.6,0,0,0,0,0,0,1.2,5,0,0,0,13.8,19.8,0,"Tussock.grass"
"326","QDAMGD0003",0,0,0,0,0,0,0.9,0,0,0,0,0,0,0,0,0,0,0,0,39.9,0,"Tussock.grass"
"327","QDAMGD0004",0,0,6,0,0.1,0,0.6,0,0,0,0,0,0,0,1.3,0,0,0,9.2,10.7,0,"Tussock.grass"
"328","QDAMGD0005",0,0,0.6,0,0.3,0,0.9,0,0,0,0,0,0,4.1,4.1,0,0,0,12.6,21.3,0.1,"Tussock.grass"
"329","QDAMGD0006",0,0,0,0,0,0,0.7,0,0,0,0,0,0,0,0,0,0,0,0,23.6,0,"Tussock.grass"
"330","QDAMGD0007",0,0,0,0,0,0,1.5,0,0,0,0,0,0,0,0.8,0,0,0,0.8,24.7,0,"Tussock.grass"
"331","QDAMGD0008",0,0,0,0,0,0,0.7,0,0,0,0,0,0,0,0,0,0,0,0,20.2,0,"Tussock.grass"
"332","QDAMGD0009",0,0,1.9,0,0,0,6,0,0,0,0,0,0,0.4,0.6,0,0,0,0,0.7,0,"Forb"
"333","QDAMGD0010",0,0,0.1,0,0.1,13.5,4.6,0,0,0,0,0,0,4.3,14.5,0,0,0,13.7,1.8,0,"Shrub"
"334","QDAMGD0011",0,0,0.3,0,0,0,0,0,0,0,0,0,0,0,0,0,0,0,0,13.8,0,"Tussock.grass"
"335","QDAMGD0012",0,0,2.1,0,0.2,0,1.8,0,0,0,0,0,0,0,14.6,0,0,0,4.1,0,0,"Shrub"
"336","QDAMGD0013",0,0,0.2,0,0,0,1,0,0,0,0,0,0,0,0,0,0,0,0,12.6,0,"Tussock.grass"
"337","QDAMGD0014",0,0,0,0,0,0,2.5,0,0,0,0,0,0,0,0,0,0,0,0,11.8,0,"Tussock.grass"
"338","QDAMGD0015",0,0,0.2,0,0.1,0,0.6,0,0,0,0,0,0,0.1,2.2,0,0,0,9.2,4.1,0,"Tree.Palm"
"339","QDAMGD0016",0,0,0.2,0,0.1,0,0.4,0,0,0,0,0,0,0,2.7,0,0,0,8.4,7.4,0.1,"Tree.Palm"
"340","QDAMGD0017",0,0,0.1,0,0,0,2.2,0,0,0,0,0,0,0,0,0,0,0,0,17.7,0,"Tussock.grass"
"341","QDAMGD0018",0,0,0,0,0,0,2.2,0,0,0,0,0,0,0,0,0,0,0,0,35.7,0,"Tussock.grass"
"342","QDAMGD0019",0,0,0,0,0,0,0,0,0,0,0,0,0,0,0,0,0,0,0,18.7,0,"Tussock.grass"
"343","QDAMGD0020",0,0,0,0,0,0,0.2,0,0,0,0,0,0,0,0.3,0,0,0,16.4,5.5,0.1,"Tree.Palm"
"344","QDAMGD0021",0,0,0,0,0,0,0.7,0,0,0,0.9,0,0,0,0,0,0,0,0,16.7,0,"Tussock.grass"
"345","QDAMGD0022",0,0,0,0,0,0,1.3,0,0,0,0,0,0,0.3,0.3,0,0,0,0,15.4,0,"Tussock.grass"
"346","QDAMGD0023",0,0,0,0,0,0,0,0,0,0,0,0,0,4.7,8.8,0,0,0,15,33.4,0,"Tussock.grass"
"347","QDAMGD0024",0,0,0,0,0,0,0.1,0,0,0,0,0,0,0,0.4,0,0,0,1.2,5.8,0,"Tussock.grass"
"348","QDAMGD0025",0,0,0,0,0.2,0,0.1,0,0,0,0.2,0,0,0,5.2,0,0,0,22.4,0.7,0,"Tree.Palm"
"349","QDAMGD0026",0,0,0,0,0,0,0.3,0,0,0,0,0,0,0,4.3,0,0,0,16.1,0.9,0,"Tree.Palm"
"350","QDAMGD0027",0,0,0,0,0,0,7.1,0,0,0,0,0,0,0.3,0,0,0,0,0.1,24.1,2.2,"Tussock.grass"
"351","QDAMGD0028",0,0,0,0,0,0,15.7,0,0,0,0,0,0,0.2,0.1,0,0,0,0,25,0.5,"Tussock.grass"
"352","QDAMII0001",0,0,0,0,0,0,1,0,0,0,0,0,0,0,2.4,0,0,0,2,3.9,0,"Tussock.grass"
"353","QDAMII0002",0,0,0,0,0,0,0.4,0,0,0,3.5,0,0,0,0.9,0.8,0,3.1,0.2,18.7,2.2,"Tussock.grass"
"354","QDAMUL0001",0,0,0,0,0,0,0,0,0,0,0,0,0,0,15.3,0,0,0.9,42.8,0.9,0,"Tree.Palm"
"355","QDAMUL0002",0,0,0,0,0,0,0,0,0,0,0,0,0,0,0,0,0,0,48.8,0,0,"Tree.Palm"
"356","QDAMUL0003",0,0,0,0,0,0.1,2.6,0,0,0,0,0,0,0,6.9,0,0,0,44.6,4.7,0,"Tree.Palm"
"357","QDASEQ0001",0,0,0,0,0,0.4,4.2,0,0,1,0,0,8.7,0.2,16.3,0,0,0,81.5,26,6.6,"Tree.Palm"
"358","QDASEQ0002",0,0,0.1,0,0,0.6,14.2,0,0,0.3,0,0,0,2.4,2.6,0,0,0,0,94.7,0.2,"Tussock.grass"
"359","QDASEQ0003",0,0,0,0,0,0.3,5.3,0,0,2.6,0,0,10,1.3,9.7,0,0,0,80.6,15.3,3.3,"Tree.Palm"
"360","QDASEQ0004",0,0,0,0,0,0.1,3.5,0,0,1.7,0,0,7.2,2.9,21.7,0,0,0,72.4,16.4,7.5,"Tree.Palm"
"361","QDASSD0001",0,0,0.4,0,0,0,1.86666666666667,0,0,0,37.3,0,0,0,2.5,0,0,0,0,1.23333333333333,0,"Hummock.grass"
"362","QDASSD0002",0,0,1.16666666666667,0,0,0,1.36666666666667,0,0,0,12.3666666666667,0.2,0,0.2,5,0.4,0,2.4,0.0333333333333333,9.73333333333333,0,"Hummock.grass"
"363","QDASSD0003",0,0,7.33333333333333,0,0,0,3.63333333333333,0,0,0,5.5,0.0333333333333333,0,0.333333333333333,2.63333333333333,0,0,0,5.93333333333333,13.6333333333333,0,"Tussock.grass"
"364","QDASSD0004",0,0,1.3,0,0,0,2.36666666666667,0,0,0,41.3666666666667,0,0,0.333333333333333,0.4,0,0,0,0,3.16666666666667,0,"Hummock.grass"
"365","QDASSD0005",0,0,9.1,0,0,0,2.9,0,0,0,7.4,0,0,0.1,3.86666666666667,0,0,0,9.36666666666667,0.566666666666667,0,"Tree.Palm"
"366","QDASSD0006",0,0,0.0666666666666667,0,0,0,5.73333333333333,0,0,0,13.4666666666667,0.0666666666666667,0,0.0666666666666667,6.06666666666667,0,0,0,0,13.7666666666667,0,"Tussock.grass"
"367","QDASSD0007",0,0,0,0,0,0,2.46666666666667,0,0,0,0.7,0.0333333333333333,0,0,5.4,0,0,0,11.4333333333333,19.2666666666667,0,"Tussock.grass"
"368","QDASSD0008",0,0,0.0333333333333333,0,0,0,4.1,0,0,0,36.2666666666667,0,0,0,10.2666666666667,0,0,0,0.0333333333333333,0.333333333333333,0,"Hummock.grass"
"369","QDASSD0009",0,0,0.0333333333333333,0,0,2.36666666666667,10.6,0,0,0,0.666666666666667,0,0,0,0.833333333333333,0,0,0,19.4333333333333,27.6333333333333,0,"Tussock.grass"
"370","QDASSD0010",0,0,0.1,0,0,0,8.7,0,0,0,0,0,0,0,7.25,0,0,0,6.25,10.6,0.45,"Tussock.grass"
"371","QDASSD0011",0,0,3.96666666666667,0,0,0,1.76666666666667,0,0,0,0.2,0,0,0.7,1.76666666666667,0,0,0,8.16666666666667,5.2,0.233333333333333,"Tree.Palm"
"372","QDASSD0012",0,0,0,0,0,0,24.1666666666667,0,0,0,0,0.0666666666666667,0,0.166666666666667,10,0,0,0.1,1.03333333333333,3.83333333333333,0,"Forb"
"373","QDASSD0013",0,0,0.0333333333333333,0,0,0,0.9,0,0,0,0.3,0,0,1.33333333333333,15.3,0,0,0,0.233333333333333,16.4666666666667,0,"Tussock.grass"
"374","QDASSD0014",0,0,0.666666666666667,0,0,0,2.86666666666667,0,0,0,0,0,0,4.03333333333333,4.06666666666667,0,0,0,1.43333333333333,16.4,0,"Tussock.grass"
"375","QDASSD0015",0,0,1.03333333333333,0,0,0,1.7,0,0,0,0,0,0,5.16666666666667,7.23333333333333,0.433333333333333,0,0,0.8,18.4333333333333,0,"Tussock.grass"
"376","SAABHC0001",0,0,12.9,0,0.2,0,0.25,0,0,0,0,0,0,0,13.5,0,0,0,0.2,0,0,"Shrub"
"377","SAABHC0002",0,0,13.9,0,0.2,0,0,0,0,0,0,0,0,0,3.3,0,0,0,4.8,0.05,0,"Chenopod"
"378","SAABHC0003",0,0,1.35,0,0,0,5.15,0,0,0,0,0,0,0,7.45,0,0,0,0,0.25,0,"Shrub"
"379","SAABHC0004",0,0,19.8,0,0.15,0,0.15,0,0,0,0,0,0,0,9.45,0,0,0,23.4,0,0,"Tree.Palm"
"380","SAABHC0005",0,0,9.4,0,0,0,0.1,0,0,0,0,0,0,0,0,0,0,0,0,0,0,"Chenopod"
"381","SAABHC0006",0,0,7.4,0,0,0,0.2,0,0,0,0,0,0,0,0,0,0,0,0,0,0,"Chenopod"
"382","SAAEYB0001",0,0,25.4,0,0,0,34.7,0,0,0,0,0,0,0,16.5,0,0,0,0,1.3,0,"Forb"
"383","SAAEYB0002",0,0,0.1,0,0,0,0.9,0,0,18.5,0,0,4.1,12.4,25.7,0,0,16,0,0,3.1,"Shrub"
"384","SAAEYB0003",0,0.2,0,0,0,0,7.4,0,0,23.1,0,0,0,20.3,41.6,0,0,44.6,0,0,1.9,"Tree.Mallee"
"385","SAAEYB0004",0,50.6,0,0,0,0,2.8,0,0,18.7,0,0,0,1.6,52.3,0,0,36.7,0,0.3,1.6,"Shrub"
"386","SAAEYB0005",0,0,0,0,0.2,0,17.7,0,0,16,0,0,0,0,35.8,0,0,38.7,0.4,1.2,1.8,"Tree.Mallee"
"387","SAAEYB0006",0,0.6,0,0,0,0,3.4,0,0,38.5,0,0,0,1.8,46.9,0,0,44,0,0,4.7,"Shrub"
"388","SAAEYB0007",0,0,0,0,0,0,0.9,0,0,4.7,0,0,1.1,8.4,38.7,0.5,0,26.7,9.2,0.1,2.9,"Shrub"
"389","SAAEYB0008",0,0,0,0,0,0,15.2,0,0,25.1,0,0,0,0.2,51.2,0,0,28.1,0,0.8,1.8,"Shrub"
"390","SAAEYB0009",0,0,0,0,0.2,0,4.3,0,0,2.3,0,0,0,0.4,35,0,0,33.6,0,0,2,"Shrub"
"391","SAAEYB0010",0,0,0,0,0,0,1.7,0,0,30.1,0,0,0,9.3,51.1,0,0,33,0,0.3,1.3,"Shrub"
"392","SAAEYB0011",0,0,0,0,0,0,6.3,0,0,34.7,0,0,0,2.4,60.8,0,0,48.8,0.5,0,10.2,"Shrub"
"393","SAAEYB0012",0,0,0,0,0,0,8.5,0,0,44.2,1.1,0,0,8.4,27.8,0,0,31.4,0,0.6,5,"Heath.shrub"
"394","SAAEYB0013",0,0,0,0,0,0,3.3,0,0,23.9,0,0,0,0.4,67.3,0,0,30.8,0,0.4,4.3,"Shrub"
"395","SAAEYB0021",0,0,0,0,0,0,1.8,0,0,28.5,18.7,0,0.1,2.6,6.2,5.9,0,0,0,0.2,0.5,"Heath.shrub"
"396","SAAEYB0022",0,0,0,0,0,0,0.8,0,0,7,2.9,0,0,5.6,39.6,1.8,0,6.2,0,0.3,0.2,"Shrub"
"397","SAAEYB0023",0,0,0,0,0,0,0.4,0,0,6.5,5.6,0,0.1,1.8,17,13.2,0,0.5,0.1,0.4,0.1,"Shrub"
"398","SAAEYB0024",0,0,0,0,0,0,1.1,0,0,1.5,14.2,0,0,1.1,21.5,27.8,0,0,0,0,0.1,"Shrub.Mallee"
"399","SAAEYB0025",0,0,0,0,0,0,11.6,0,0,22.7,0,0,0.8,12.8,30.8,0,0,0,2.8,4.6,2.2,"Shrub"
"400","SAAEYB0026",0,0,0,0,0,0,14.9,0,0,13.3,0,0,0,0.4,40.2,0,0,0,0.6,6.4,1.6,"Shrub"
"401","SAAEYB0027",0,0,0,0,0,0,8.7,0,0,9.5,0,0,0,0.1,39.8,29.7,0,0,0,2.5,6.8,"Shrub"
"402","SAAEYB0028",0,0,0.2,0,0,0,2.6,0,0,0,0.1,0,3.2,0.1,13.6,0,0,0,0,1.3,0,"Shrub"
"403","SAAEYB0029",0,0,0,0,0,0,0.5,0,0,0,0,0,0,0,5.4,0,0,0,0,13.2,0,"Tussock.grass"
"404","SAAEYB0030",0,0,6.3,0,0,0,0.3,0,0,0,0,0,0,1.6,19.8,0.1,0,13.2,0.1,0.6,0.1,"Shrub"
"405","SAAEYB0031",0,0,2,0,0,0,0.1,0,0,2.5,0,0,0,0,22.8,0,0,2.4,3.4,0,0,"Shrub"
"406","SAAEYB0032",0,0,0.5,0,0,0,3.4,0,0,0,0,0,0,0,6.2,0,0,4.9,1.1,14.7,0,"Tussock.grass"
"407","SAAEYB0033",0,0,1.5,0,0,0,0,0,0,0,0,0,0.1,0,6.2,0,0,25.4,0,0.2,0,"Tree.Mallee"
"408","SAAFLB0003",0,0,0,0,0,1.1,29.6,0,0,0.15,0,0,4.3,0.4,2.75,0,0,0,45.6,23.9,0.1,"Tree.Palm"
"409","SAAFLB0004",0,3.6,0,0,0,1.1,17.5,0,0,0,0,0,0,0,12,0,0,0,36.2,14.1,0,"Tree.Palm"
"410","SAAFLB0005",0,0,0.1,0,0,0,10.6,0,0,0,0,0,0,0,44,0,0,0,0,3.3,2.2,"Shrub"
"411","SAAFLB0006",0,0,0,0,0,0,5.2,0,41.1,0,0,0,0.8,0,49.8,0.1,0,0,21.1,0.2,1.5,"Shrub"
"412","SAAFLB0007",0,0,8.7,0,0,0,14.2,0,0,0,0,0,0,0,0.1,0,0,0,0,0,0,"Forb"
"413","SAAFLB0008",0,0,2.4,0,0.1,0,2.1,0,0,0,0,0,0,0,16.7,0,0,0,19.6,0,0,"Tree.Palm"
"414","SAAFLB0030",0,0,7.75,0,0,0,2,0,0,0,0,0,0,0,0.1,0,0,0,0,9.85,0,"Tussock.grass"
"415","SAAFLB0031",0,0,6.45,0,0,0,3.5,0,0,0,0,0,0,0,0.1,0,0,0,0,1.75,0.05,"Chenopod"
"416","SAAGAW0001",0,0,8.8,0,0.2,0,0.4,0,0,0,0,0,0,0,13.8,0,0,0,16.2,0,0,"Tree.Palm"
"417","SAAGAW0002",0,0,20.8,0,0,0,2.5,0,0,0,0,0,0,0,0.9,0,0,0,0.3,0.7,0,"Chenopod"
"418","SAAGAW0003",0,0,12.6,0,0,0,0,0,0,0,0,0,0,0,14.3,0,0,0,10.3,0,0,"Shrub"
"419","SAAGAW0004",0,0,3.6,0,0,0,1.6,0,0,0,0,0,0,0,3.2,1.4,0,7.4,0.2,0.9,0.1,"Tree.Mallee"
"420","SAAGAW0005",0,0,0.1,0,0,0.1,0.2,0,0,0,0,0,0,0,23.5,0,0,0,1.2,0.2,0.2,"Shrub"
"421","SAAGAW0006",0,0,8.1,0,0,0,0.6,0,0,0,0,0,0,0,5.5,0,0,0,2.8,5,0,"Chenopod"
"422","SAAGAW0007",0,0,13.7,0,0.1,0,0.4,0,0,0,0,0,0,0,2,0,0,0,4.9,1.1,0,"Chenopod"
"423","SAAGAW0008",0,0,9.7,0,0,0,0.7,0,0,0,0,0,0,0,4.1,0,0,0,0,2.8,0,"Chenopod"
"424","SAAGVD0001",0,0,13.9,0,0,0,5,0,0,0,0,0,0,0,0,0,0,0,0,9.3,0,"Chenopod"
"425","SAAGVD0002",0,0,11.1,0,0,0,8.1,0,0,0,0,0,0,0,0.4,0,0,0,0,15,0,"Tussock.grass"
"426","SAAGVD0003",0,0,4.5,0,0,0.1,24.6,0,0,0,0,0,0,0,3.1,0,0,0,0,37.8,0,"Tussock.grass"
"427","SAAGVD0004",0,0,13,0,0.1,0,3,0,0,0,0,0,0,0,4.4,0,0,0,1.6,2.8,0,"Chenopod"
"428","SAAKAN0001",0,0,0,0,0,0,6.45,0,12.95,8.85,0,0,0,16.1,20.9,1.45,0,27.2,25.7,0,0.65,"Tree.Mallee"
"429","SAAKAN0002",0,0,0,0,0,2.05,22.25,0,16.3,0.2,0,0,0,2.5,46.45,0.35,0,7.85,14.5,4.6,0.35,"Shrub"
"430","SAAKAN0003",0,4.1,0,0,0,0,6.65,0,7.25,1.75,0,0,0,1.45,14.7,0.2,0,1.05,34.2,4.15,0.3,"Tree.Palm"
"431","SAAKAN0004",0,0,0,0,0,0,0.9,0,21.2,4.4,0,0,0,0.2,37.7,1.7,0,12.5,8.35,0,0.1,"Shrub"
"432","SAAKAN0005",0,0,0,0,0,0,1.45,0,6.85,4.2,0,0,0,16.05,41.5,4.9,0,9.35,1.5,0,1.15,"Shrub"
"433","SAAKAN0006",0,0,0,0,0,0,2.4,0,9.4,0.2,0,0,0,33.3,45.1,0.2,0,21.8,3,1.7,0.6,"Shrub"
"434","SAAKAN0007",0,0,0,0,0,0,15.4,0,3.85,0.05,0,0,0,3.35,38.65,11.7,0,3.65,5.25,0,0.2,"Shrub"
"435","SAAKAN0008",0,0,0,0,0,0,0.1,0,9.1,26.05,0,0,0,23.45,51.3,12.1,0,14.8,0.45,0,0.65,"Shrub"
"436","SAAKAN0009",0,0,0,0,0,0,1.35,0,1.05,0.95,0,0,0,5.15,62.25,18.95,0,14.8,0,0,0.35,"Shrub"
"437","SAAKAN0010",0,0,0,0,0,0,6.7,0,0,5.4,0,0,0,0,44.55,14.55,0,21.85,3.2,0.55,0.05,"Shrub"
"438","SAAKAN0011",0,0,0,0,0,0.1,3.75,0,0,0.2,0,0,0,11.05,22.3,0.15,0,31.15,28.55,5,1.9,"Tree.Mallee"
"439","SAAKAN0012",0,0,0.2,0,0,0,3.15,0,0,31.7,0,0,0,0,39.05,33.6,0,0,0,0,1.3,"Shrub"
"440","SAAMDD0007",0,0,10.1,0,0,0,24.8,0,0,0,0,0,0,0,0.4,0,0,0,0,0.05,0.05,"Forb"
"441","SAAMDD0008",0,0,3.35,0,0,0,0.7,0,0,0,0,0,0,0,2.5,0,0,41.8,0.35,0,0,"Tree.Mallee"
"442","SAAMDD0009",0,0,3.9,0,0,0,17.6,0,0,0,0,0,0,0,7.55,0,0,5,5.5,3.6,0,"Forb"
"443","SAAMDD0010",0,0,1.2,0,0,0,0.1,0,0,0,13.45,0,0.05,0,11.2,0.45,0,32.55,0.4,0.05,0,"Tree.Mallee"
"444","SAAMDD0011",0,0,7.15,0,0.5,0,6.05,0,0,0,0,0,0,0,21.05,0,0,0,1.75,0.4,0,"Shrub"
"445","SAANUL0001",0,0,14.1,0,0,0,5.9,0,0,0,0,0,0,0,0,0,0,0,0,4.9,0,"Chenopod"
"446","SAANUL0002",0,0,16.4,0,0,0,4.3,0,0,0,0,0,0,0,8.6,0,0,2.3,0.5,2.5,0,"Chenopod"
"447","SAANUL0003",0,0,11.7,0,0,0,3.2,0,0,0,0,0.1,0,0,0.4,0,0,0,0,21.1,0,"Tussock.grass"
"448","SAANUL0004",0,0,14.9,0,0,0,9.6,0,0,0,0,0,0,0,0.6,0,0,0,0,6.1,0,"Chenopod"
"449","SAARIV0001",0,0,12.95,0,0,0,13.6,0,0,0,0,0,0,0.05,1.8,0,0,0,70.2,0,0,"Tree.Palm"
"450","SAARIV0002",0,0,16,0,0,0,7.75,0,0,0,0,0,0,0.05,1.1,0,0,0,63.8,0,0,"Tree.Palm"
"451","SAARIV0003",0,0,17.8,0,0,0,5.5,0,0,0,0,0,0.05,0.05,11.25,0,0,0,35,0,0,"Tree.Palm"
"452","SAARIV0004",0,0,6.85,0,0,0,46.35,0,0,0,0,0,0,4.7,5.6,0,0,0,15.45,0,0,"Forb"
"453","SAARIV0005",0,0,4.6,0,0,0,56.55,0,0,0,0,0,0,11.7,1.6,0,0,0,33.6,0,0,"Forb"
"454","SAARIV0006",0,0,8.35,0,0,0,62.85,0,0,0,0,0,0,6.7,0.95,0,0,0,12.8,0,0,"Forb"
"455","SAARIV0007",0,0,3.75,0,0,0,0,0,0,0,0,0,0,0,63.65,0,0,0,14.75,0,0,"Shrub"
"456","SAARIV0008",0,0,21.6,0,0,0,0.35,0,0,0,0,0,0,0,18.6,0,0,0,14.2,0,0,"Chenopod"
"457","SAARIV0009",0,0,18.7,0,0,0,0.5,0,0,0,0,0,0,0.35,9.65,0,0,0,12.8,0,0,"Chenopod"
"458","SAASTP0001",0,0,10.2,0,0,0.1,5.1,0,0,0,0,0,0,0,2.9,0,0,0,0,7,0,"Chenopod"
"459","SAASTP0002",0,0,7,0,0.4,0,2.7,0,0,0,0,0,0,0,0,0,0,0,0.5,19.7,0,"Tussock.grass"
"460","SAASTP0003",0,0,8.3,0,0,0,1.9,0,0,0,0,0,0,0.1,0.1,0,0,0,0,6.1,0,"Chenopod"
"461","SAASTP0004",0,0,6.7,0,0,0,18.2,0,0,0,0,0,0,0,0,0,0,0,0.1,2,0,"Forb"
"462","SAASTP0005",0,0,12.6,0,0,0.3,16.3,0,0,0,0,0,0,0,0.1,0,0,0,0.2,8.1,0,"Forb"
"463","SAASTP0006",0,0,9.9,0,0,0,50.5,0,0,0,0,0,0,0,0,0,0,0,0,4,0,"Forb"
"464","SAASTP0007",0,0,15.8,0,0,0.9,7.6,0,0,0,0,0,0,0.3,0.7,0,0,0,0,4.8,0.1,"Chenopod"
"465","SAASTP0008",0,0,6.4,0,0,0,1.2,0,0,0,0,0,0,0,0.4,0,0,0,0,4,0,"Chenopod"
"466","SAASTP0009",0,0,13.1,0,0,0.2,7,0,0,0,0,0,0,0,31.4,0,0,0,0,0.4,0.5,"Shrub"
"467","SAASTP0010",0,0,8.2,0,0,0,0.7,0,0,0,0,0,0,0,0.2,0,0,0,0,3.2,0,"Chenopod"
"468","SAASTP0011",0,0,1.2,0,0,0,1.8,0,0,0,0,0,0,0,0,0,0,0,0,7.5,0,"Tussock.grass"
"469","SAASTP0012",0,0,5.8,0,0,0,0.1,0,0,0,0,0,0,0,0,0,0,0,0,15.1,0,"Tussock.grass"
"470","SAASTP0013",0,0,6.8,0,0,0,0.1,0,0,0,0,0,0,0,0,0,0,0,0,13.6,0,"Tussock.grass"
"471","SAASTP0014",0,0,3,0,0,0,2,0,0,0,0,0,0,0,0,0,0,0,0,0,0,"Chenopod"
"472","SAASTP0015",0,0,3.9,0,0,0,0.3,0,0,0,0,0,0,0,0.6,0,0,0,0,4.5,0,"Tussock.grass"
"473","SAASTP0016",0,0,33.1,0,0,0,1.6,0,0,0,0,0,0,0.7,4.2,0,0,0,0,6.6,0,"Chenopod"
"474","SAASTP0017",0,0,36.7,0,0,0,5.9,0,0,0,0,0,0,0.4,2,0,0,0,0,4.9,0,"Chenopod"
"475","SAASTP0018",0,0,8.6,0,0,0,3,0,0,0,0,0,0,0,0,0,0,0,0,10.1,0,"Tussock.grass"
"476","SAASTP0019",0,0,8.3,0,0,0,0.5,0,0,0,0,0,0,0,1.6,0,0,0,0,7.5,0,"Chenopod"
"477","SAASTP0020",0,0,4.1,0,0,0,1.4,0,0,0,0,0,0,0.5,1.4,0,0,0,0,7.2,0,"Tussock.grass"
"478","SAASTP0021",0,0,5.5,0,0,0,1.5,0,0,0,0,0,0,0,0,0,0,0,0,2,0,"Chenopod"
"479","SAASTP0022",0,0,17,0,0,0,1.5,0,0,0,0,0,0,0.1,1.8,0,0,0,0,11.5,0,"Chenopod"
"480","SAASTP0023",0,0,14.5,0,0,0.3,2.8,0,0,0,0,0,0,0.2,0.8,0,0,0,0,9.6,0,"Chenopod"
"481","SAASTP0024",0,0,5.6,0,0,0.2,0.2,0,0,0,0,0,0,0,0,0,0,0,0,0.2,0,"Chenopod"
"482","SAASTP0025",0,0,3.1,0,0,0,0.5,0,0,0,0,0,0,0,0.1,0,0,0,0,1,0,"Chenopod"
"483","SAASTP0026",0,0,4.4,0,0,0,0.6,0,0,0,0,0,0,0,0,0,0,0,0,0.8,0,"Chenopod"
"484","SAASTP0027",0,0,4.2,0,0,0,1.5,0,0,0,0,0,0,0,0,0,0,0,0,0.5,0,"Chenopod"
"485","SAASTP0028",0,0,1.2,0,0,0,0.6,0,0,0,0,0,0,0,0,0,0,0,0,0.5,0,"Chenopod"
"486","SAASTP0029",0,0,6.9,0,0,0,0.4,0,0,0,0,0,0,0,2.2,0,0,0,0,1.5,0,"Chenopod"
"487","SAASTP0030",0,0,0.1,0,0,0,4.4,0,0,0,0,0,0,0,4.6,0,0,0,0.2,8.2,0,"Tussock.grass"
"488","SAASTP0031",0,0,0.3,0,0,0,2.9,0,0,0,0,0,0,0,2.9,0,0,0,0,9.2,0,"Tussock.grass"
"489","SAASTP0032",0,0,2.5,0,0,0,2.5,0,0,0,0,0,0,0,1.4,0,0,0,0,14.1,0,"Tussock.grass"
"490","SAASTP0033",0,0,5.5,0,0,0,0.4,0,0,0,0,0,0,0,0.1,0,0,0,0,1.2,0,"Chenopod"
"491","SAASTP0034",0,0,19.4,0,0,0,0.1,0,0,0,0,0,0,0,1.2,0,0,0,0,1.2,0,"Chenopod"
"492","SASMDD0001",0,0,0.9,0,0,0,0.2,0,0,0,13.65,0,0,0,1.4,8.8,0,14.95,0.05,0.8,0,"Tree.Mallee"
"493","SASMDD0002",0,0,6.5,0,0,0,1,0,0,0,0,0,0,0,4.4,0,0,33.3,0,2.3,0,"Tree.Mallee"
"494","SASMDD0003",0,0,3.3,0,0,0,0.1,0,0,0,0,0,0,0,1.1,4.4,0,8.1,0.4,16.7,0,"Tussock.grass"
"495","SASMDD0004",0,0,14.95,0,0,0,7.2,0,0,0,0,0,0,0,0.15,0,0,0,0,1.25,0,"Chenopod"
"496","SASMDD0005",0,0,11.65,0,0,0,15.05,0,0,0,0.1,0,0,0,2.05,0,0,0,0,5.45,0,"Forb"
"497","SASMDD0006",0,0,8.66666666666667,0,0,0,5.06666666666667,0,0,0,0.5,0,0,0,6.7,1.43333333333333,0,10.1333333333333,0.8,0.633333333333333,0.0333333333333333,"Tree.Mallee"
"498","SASMDD0008",0,0,6,0,0,0,0.8,0,0,0,0,0,0,0,0.05,0,0,0,33,0,0,"Tree.Palm"
"499","SASMDD0009",0,0,6.2,0,0,0,5.9,0,0,0,0,0,0,0,13.2,0,0,0,2.2,1,0,"Shrub"
"500","SASMDD0011",0,0,16.6,0,0,0,11,0,0,0,0,0,0,0,0.1,0,0,0,0,1.8,0,"Chenopod"
"501","SASMDD0012",0,0,5,0,0,0,2.8,0,0,0,0,0,0,0,0.6,0,0,0,29.7,0,0,"Tree.Palm"
"502","SASMDD0013",0,0,5.1,0,0,0,17.7,0,0,0,0,0,0,0,0.4,0,0,0,5.7,0,0,"Forb"
"503","SASMDD0014",0,0,7.9,0,0,0,0.9,0,0,0,0,0,0,0,10.2,0,0,0,2.2,0,0,"Shrub"
"504","SASMDD0016",0,0,2.9,0,0,0,5,0,0,0,0,0,0,0,2.6,0.9,0,28.1,0.4,0.1,0,"Tree.Mallee"
"505","SASMDD0017",0,0,0.55,0,0,0,0.15,0,0,0,18.45,0,0.05,0,1.25,0.3,0,25.5,0.25,0,0,"Tree.Mallee"
"506","SASMDD0018",0,0,0.3,0,0,0,0.6,0,0,0,2.8,0,0,0,5.7,9.8,0,5.2,0.2,2.8,0,"Shrub.Mallee"
"507","SASRIV0001",0,0,15.8,0,0,0,1.1,0,0,0,0,0,0,0,0,0,0,0,0,0.2,0,"Chenopod"
"508","SASRIV0002",0,0,9.3,0,0,0,5.9,0,0,0,0,0,0,0,0,0,0,0,0,0,0,"Chenopod"
"509","SATEYB0001",0,0,7.65,0,0,0,19.3,0,0,0,0,0.2,0,0,8.4,1.4,0,12.05,10.65,12.45,7.65,"Forb"
"510","SATEYB0002",0,0,5.35,0,0.1,0,9.85,0,0,0,0,0,0,0,16.45,1.4,0,18.05,4.3,2.15,0.05,"Tree.Mallee"
"511","SATFLB0001",0,0,0,0,0.1,0,5.95,0,0.15,2.1,0,0,0,0.05,13.4,0,0,0,32.3,4.95,0.85,"Tree.Palm"
"512","SATFLB0002",0,0,0,0,0,1.65,10.45,0,15.55,6.25,0,0,0,0.7,45.45,0,0,0.1,26,0.35,1.5,"Shrub"
"513","SATFLB0003",0,0.6,0,0,0,0.7,12.25,0,5.8,0.4,0,0,0.95,24.9,23.6,0,0,0,53.65,0.8,0.35,"Tree.Palm"
"514","SATFLB0004",0,0.05,4.6,0,0,0,6.35,0,0.1,0,0.1,0,0.05,0,12.85,0,0,0,16.2,0.1,0,"Tree.Palm"
"515","SATFLB0005",0,0,0,0,0,0.15,15.05,0,0,0,0,0,0,0,32.2,0.1,0,9.4,3.3,0.2,0.15,"Shrub"
"516","SATFLB0006",0,0,0,0,0,0,4.95,0,0,0.45,0,0,0,0,31.3,1.35,0,7.9,1.15,0.1,0.05,"Shrub"
"517","SATFLB0007",0,0,0,0,0,0,2,0,5.8,0.05,0,0,0,0,22.6,3.65,0,6.55,3,0.05,0.1,"Shrub"
"518","SATFLB0008",0,0,0,0,0.3,0.45,5.7,0,4.3,0.1,33.45,0,0.6,0.25,28.2,0,0,0,4.35,3,0.2,"Hummock.grass"
"519","SATFLB0009",0,0,0,0,0,4.6,12.3,0,11,0,0.1,0,5.05,0,48.65,0,0,0,28.9,2.25,0.15,"Shrub"
"520","SATFLB0010",0,0,10.75,0,0.2,0,2.55,0,0,0,0,0,0,0,14.25,0.15,0,4.1,37.2,0.45,0.05,"Tree.Palm"
"521","SATFLB0011",0,0,0,0,0,1.45,9.7,0,7.5,0,0,0,2.3,0,32.65,0,0,0.1,39.5,0.85,0.05,"Tree.Palm"
"522","SATFLB0012",0,0,0,0,0.4,1.65,5.4,0,1,0.85,0,0,0.5,0.55,53.65,0.05,0,3.6,5.65,3.75,1.15,"Shrub"
"523","SATFLB0013",0,0,0,0,0,3.4,16.65,0,6,0,0,0,2.9,0,22,0,0,0.1,46.75,9.35,1.2,"Tree.Palm"
"524","SATFLB0014",0,0,0.1,0,0,1.8,5.25,0,10.7,1.35,0,0,0.95,0.5,21.5,0.05,0,13.05,13.85,1.05,0.4,"Shrub"
"525","SATFLB0015",0,0.05,0,0,0,0.15,8.05,0,4.9,0.75,0,0,0.15,14.85,25.25,0,0,0,65.3,4.05,1.6,"Tree.Palm"
"526","SATFLB0016",0,0,0.5,0,0,0,1.25,0,0,0,0,0,0,0,7.95,5,0,12.55,0.4,1.65,0.05,"Tree.Mallee"
"527","SATFLB0017",0,0,0.15,0,0,0,6.85,0,0,0,0,0,0,0,15.9,0,0,0,10.25,0.2,0,"Shrub"
"528","SATFLB0018",0,0,0,0,0,0,2.05,0,0.2,0,39.7,0,0,0,2.2,0.45,0,0.45,1.3,0.05,0,"Hummock.grass"
"529","SATFLB0019",0,0,2.05,0,0,0,1.3,0,0,0,14.9,0,0,0,3.35,0,0,0,2.6,13.95,0,"Hummock.grass"
"530","SATFLB0020",0,0,5.1,0,4,0,0.7,0,0,0,2.7,0,0,0,5,0.3,0,5.9,12.75,0,0,"Tree.Palm"
"531","SATFLB0021",0,0,0.05,0,0,0.05,0.8,0,0,0,33.35,0,0,0,4.65,0.1,0,1.45,8.75,0.55,0,"Hummock.grass"
"532","SATFLB0022",0,0,0.3,0,0,0.05,1.65,0,0,0,5.2,0,0,0,3.85,2.35,0,20.3,2.1,3.95,0,"Tree.Mallee"
"533","SATFLB0023",0,0,0.15,0,0,0,4.7,0,0,0,0,0,0,0,8.65,0,0,0,0.1,0.75,0,"Shrub"
"534","SATFLB0024",0,0,14.2,0,0,0,9.15,0,0,0,0,0,0,0,1.15,0,0,0,0.45,0.45,0,"Chenopod"
"535","SATFLB0025",0,0,11.9,0,0.05,0,1.7,0,0,0,0,0,0,0,5.35,0,0,0,16.05,0,0.1,"Tree.Palm"
"536","SATFLB0026",0,0,0,0,0,6.2,13.9,0,2.8,0,0,0,1.15,1.4,14.45,0,0,0,61.6,25.8,0.15,"Tree.Palm"
"537","SATFLB0027",0,0,0,0,2.35,8.8,9.5,0,0.05,0,0,0,0,0.7,18.55,0.05,0,0,57.55,7.45,0.35,"Tree.Palm"
"538","SATFLB0028",0,0.05,2.15,0,0.35,0,15.7,0,0,1.05,1.8,0.15,1.45,0.65,14.45,0,0,2.65,7.2,25.5,0.15,"Tussock.grass"
"539","SATKAN0001",0,0,0,0,0,1.55,16.7,0,4.6,0.1,0,0,3.3,20.95,24.45,0.15,0,24,32.75,9.6,0.5,"Tree.Palm"
"540","SATKAN0002",0,0,0,0,0,0.1,24.7,0,5.8,0,0,0,0.2,19.6,27.1,3.55,0,28.55,32.8,0.4,1.35,"Tree.Palm"
"541","SATKAN0003",0,2.5,0,0,0.2,0.9,6,0,1.6,0,0,0.55,0.15,0.1,39.1,0,0,0,52.95,12.2,1.8,"Tree.Palm"
"542","SATKAN0004",0,0,0,0,0.1,0.4,10.6,0,0.3,0.05,0,0,1.95,16.8,16.5,0.5,0,0.85,25.5,16.35,0.15,"Tree.Palm"
"543","SATSTP0001",0,0,2.9,0,0,0,0.5,0,0,0,0,0,0,0,0.05,0,0,0,0,19.15,0,"Tussock.grass"
"544","SATSTP0002",0,0,7.45,0,0.05,0,3.5,0,0,0,0,0,0,0,7.1,0,0,0,3.5,2.9,0,"Chenopod"
"545","SATSTP0003",0,0,2.6,0,0,0,2.35,0,0,0,0,0,0,0,0.15,0,0,0,0.05,12,0,"Tussock.grass"
"546","SATSTP0004",0,0,4.6,0,0,0,5.7,0,0,0,0,0,0,0,14.45,0,0,0,1.3,8.15,0,"Shrub"
"547","SATSTP0005",0,0,3.4,0,0,0,4.45,0,0,0,4.35,0,0,0,7.7,0,0,0,0,5.15,0.2,"Shrub"
"548","SATSTP0006",0,0,1,0,0,2.65,4.35,0,0,0,0,0,0,0,10.45,0,0,0,7.4,1.25,0,"Shrub"
"549","SATSTP0007",0,0,0,0,0,0,8.9,0,0,0,0,0,0,0,0,0,0,0,7.85,0,0,"Forb"
"550","SATSTP0008",0,0,5.25,0,0,0,2.75,0,0,0,0,0,0,0,0,0,0,0,0,7.9,0,"Tussock.grass"
"551","TCABEL0001",0,4,0,0,0,0,22.6,0.6,0,23.1,0,0,0.5,15.3,7,0,0,0,0,24.8,0,"Tussock.grass"
"552","TCABEL0002",0,2.9,0,0,0,0,11.9,1.1,0,29.4,0,0,10.1,4,13.1,0,0,0,0,8.3,0,"Heath.shrub"
"553","TCABEL0003",0,1.7,0,0,0,0,18.2,0,0,23.8,0,0,30.4,12.4,6.7,0,0,0,0,6.1,0,"Rush"
"554","TCATCH0001",0,3.5,0,0,0,3.1,4.1,2,0,36.7,0,0,10.7,0.1,50.6,0.5,0,2.8,22.6,13,0,"Shrub"
"555","TCATCH0002",0,5,0,0,0,0,16.5,0.9,0,26.1,0,0,0,0.6,0,0,0,0,0,36.5,0,"Tussock.grass"
"556","TCATCH0003",0,0.7,0,0,0,0,2.9,0,0,29.9,0,0,24.1,42.8,25.4,0,0,0,0,27.3,0,"Sedge"
"557","TCATCH0004",0,6.5,0,0,0,0,3.8,0,0,3.2,0,0,0,0,3.2,1.3,0,5.9,26.5,8.6,0,"Tree.Palm"
"558","TCATCH0005",0,1.8,0,0,0,0,7.2,0,0,0,0,0,6.1,6.5,0,0,0,0,0,13.7,0,"Tussock.grass"
"559","TCATCH0006",0,1.1,0,0,0,0,18,0.3,0,23.4,0,0,0,0.8,3.8,0,0,0,0,32.2,0,"Tussock.grass"
"560","TCATCH0007",0,3.5,0,0,0,0,1.8,1.7,0,52,0,0,5.9,0.4,23.6,0,0,0,0,11.6,0,"Heath.shrub"
"561","TCATCH0008",0,0.4,0,0,0,0,20.3,0,0,30.6,0,0,38.3,3.9,4.8,0,0,0,0,12.4,0,"Rush"
"562","TCATCH0009",0,1.4,0,0,0,0,20.6,0,0,0,0,0,5,1.5,0,0,0,0,0,3.3,0,"Forb"
"563","TCATCH0010",0,0,0,0,0,66.4,8.1,0,0,9.9,0,0,81,10.4,1.3,0,0,0,0,7.3,0,"Rush"
"564","TCATCH0011",0,0,0,0,0,0,2.9,0,0,0.2,0,0,0,0.1,1.6,0.1,0,0,29.2,1.7,0,"Tree.Palm"
"565","TCATCH0012",0,9.4,0,0,0,0,37.4,0,0,0,0,0,3.4,10.5,0,0,0,0,0,57.5,0,"Tussock.grass"
"566","TCATNM0001",0,0,0,0,0,0,61.8,0,0,6.7,0,0,1.3,0.1,8.5,0,0,0,48.7,4.4,0.1,"Forb"
"567","TCATNM0002",0,20.4,0,0,0,0,8.3,0,0,0.6,0,0,0.8,7.2,0.1,0,0,0,23.4,55.8,0,"Tussock.grass"
"568","TCATNM0003",0,16,0,0,0,0,9.5,0,0,17.2,0,0,1.6,0,0.1,0,0,0,25,41.8,0,"Tussock.grass"
"569","TCATNM0004",0,10.6,0,0,0,0,34.5,0,0,0,0,0,14.8,1.2,10.4,0,0,0,27.3,7.4,0,"Forb"
"570","TCATNM0005",0,2.6,0,0,0,1.1,4.4,0,0,0.1,0,0,0.3,10.1,0.4,0,0,0,3.7,43.9,0,"Tussock.grass"
"571","TCATNM0006",0,1.6,0,0,0,0,8.8,0,0,0,0,0,51.4,0.1,0.3,0,0,0,1.8,28.1,0,"Rush"
"572","VCAAUA0001",0,0,0,0,0,0.2,39.5,0,0,30.4,0,0,0.1,1.9,0.1,0,0,0,0,35.1,0,"Forb"
"573","VCAAUA0002",0,0,0,0,0,0,32.1,0,0,16,0,0,0,2.9,0,0,0,0,0,50.7,0,"Tussock.grass"
"574","VCAAUA0003",0,61.5,0,0,0,0,16.2,0,0,21,0,0,0,46.7,0,0,0,0,0,1.5,0,"Bryophyte"
"575","VCAAUA0004",0,0,0,0,0,0,39.6,0,0,3.7,0,0,0,0.7,50,0,0,0,14.8,28.2,0,"Shrub"
"576","VCAAUA0005",0,0,0,0,0,0,29.9,0,0,17.2,0,0,0,3.4,0,0,0,0,0,60,0,"Tussock.grass"
"577","VCAAUA0006",0,0.1,0,0,0,0,27.4,0,0,7.6,0,0,0,44,0.1,0,0,0,0,41.7,0,"Sedge"
"578","VCAAUA0007",0,0,0,0,0,0,52.4,0.1,0,2,0,0,0,6.4,0,0,0,0,0,36.5,0,"Forb"
"579","VCAAUA0008",0,0,0,0,0,0,7.8,0.7,0,74.3,0,0,0,1.1,4.4,0,0,0,40.6,30.2,0,"Heath.shrub"
"580","VCAAUA0009",0,0,0,0,0,0,16.6,0,0,70.8,0,0,0,2.9,7.6,0,0,0,9.3,26,0,"Heath.shrub"
"581","VCAAUA0010",0.4,0,0,0,0,0,64,0,0,9,0,0,0,4.4,0,0,0,0,0,53.2,0,"Forb"
"582","VCAAUA0011",0,0,0,0,0,0,47.1,0,0,0,0,0,0,21,0.4,0,0,0,0,88.9,0,"Tussock.grass"
"583","VCAAUA0012",0,3.1,0,0,0,0,35.4,0,0,1,0,0,0,24.7,0.2,0,0,0,0,71.1,0,"Tussock.grass"
"584","VCAAUA0013",0,0,0,0,0,0,38.8,2,0,0,0,0,0.3,10.2,3.3,0,0,0,0,85.2,0,"Tussock.grass"
"585","VCAAUA0014",0,0,0,0,0,0,28.7,0,0,16.6,0,0,0,3.2,0,0,0,0,0,73,0,"Tussock.grass"
"586","VCAAUA0015",0,0.3,0,0,0,0,34,0,0,29.2,0,0,0,7.2,0.5,0,0,0,1.2,76.8,0,"Tussock.grass"
"587","VCAMDD0001",0,0,20.9,0,0,0,2.7,0,0,0,0,0,0,0,0.1,0,0,0,0,0,0,"Chenopod"
"588","VCAMDD0002",0,0,15.6,0,0,0,7.3,0,0,0,0,0,0,0,0.2,0,0,0,9.5,1.4,0,"Chenopod"
"589","VCAMDD0003",0,0,1.4,0,0,0,0.5,0,0,0,0.7,0.3,0,0,2.2,9.6,0,16.2,0,0,0,"Tree.Mallee"
"590","WAAAVW0001",0,0,0,0,0,0,2.2,0,0,5.1,0,0,0.2,19.3,28.5,1.2,0,0,0,0.5,0,"Shrub"
"591","WAAAVW0002",0,0,0,0,0,0,5.6,0,0,9.1,0,0,0,5.8,29.3,0.5,0,0,0,0,0.1,"Shrub"
"592","WAAAVW0003",0,0,0,0,0,0,2.4,0,0,0.1,0,0,0.1,0.4,4.9,0,0,0,32.7,0.6,0,"Tree.Palm"
"593","WAAAVW0004",0,0,0,0,0,0,2.5,0,0,0.9,0,0,0,0.5,4.1,0,0,0,33.2,1.2,0.2,"Tree.Palm"
"594","WAAAVW0005",0,0,0,0,0,0,3.6,0,0,0.4,0,0,0.4,0,4.6,0,0,0,16.7,0.1,0.1,"Tree.Palm"
"595","WAAAVW0006",0,0,0,0,0,3.1,31.9,0,0,2.1,0,0,0,0,18.8,0,0,0,1.2,1.2,3.3,"Forb"
"596","WAAAVW0007",0,0,0,0,0,0,0,0,0,26.7,0,0,0,0,23.1,0,0,0,0,0.4,0.2,"Heath.shrub"
"597","WAACAR0001",0,0,15,0,0.1,0,5.9,0,0,0,0,0,0,0,10,0,0,0,14.2,0.1,0,"Chenopod"
"598","WAACAR0002",0,0,0.3,0,0,0,2.8,0,0,0,4.3,0,0,0,3.7,0,0,25.1,0.1,0,0,"Tree.Mallee"
"599","WAACAR0003",0,0,0.9,0,0,0,13.4,0,0,0,0,0,0,0,41.1,0,0,0,1.7,0,1.8,"Shrub"
"600","WAACAR0004",0,0,16.9,0,0,0,8.4,0,0,0,0,0,0,0,0.1,0,0,0,0,2.6,0,"Chenopod"
"601","WAACEK0001",0,0,0,0,0,0,0.1,0,0,0,0.1,0,0,0,0.5,0,0,0,18.8,3.6,0,"Tree.Palm"
"602","WAACEK0002",0,0,0,0,0,0,1.4,0,0,0,0,0,0,0.3,0.9,0,0,0,1.9,63,0.5,"Tussock.grass"
"603","WAACEK0003",0,0,0,0,0,0,6.2,0,0,0,31.3,0,0,0,1.6,0,0,0,7,18.5,0,"Hummock.grass"
"604","WAACOO0001",0,0,0,0,0,0,0,0,0,0,0.1,0,0,0,73.6,0,0,1.5,0,0,0,"Shrub"
"605","WAACOO0002",0,0,0,0,0,0,0,0,0,0,0,0,0,0,1.1,0,0,0,0,0,0,"Shrub"
"606","WAACOO0003",0,0,0,0,0,0,0,0,0,0,0.1,0,0,1.3,55.4,0,0,11.2,0.3,0,0,"Shrub"
"607","WAACOO0004",0,0,0,0,0,0,0,0,0,0,0.7,0,0,0.2,53.2,0,0,6.9,3.5,0,0.1,"Shrub"
"608","WAACOO0005",0,0,0,0,0,3.6,12,0,0,0,0,0,0,8.8,11.8,0,0,0,0,24.4,0.1,"Tussock.grass"
"609","WAACOO0006",0,0,0,0,0,0,0,0,0,0,0,0,0,0,34.7,0,0,18.4,5.3,0,0,"Shrub"
"610","WAACOO0007",0,0,0,0,0,0,0.1,0,0,0,0,0,0,0,43.6,0,0,14.4,0.4,0.2,0,"Shrub"
"611","WAACOO0008",0,0,0,0,0,0,0.4,0,0,0,0,0,0,0,13.9,0,0,26.1,0.6,4.9,0,"Tree.Mallee"
"612","WAACOO0009",0,0,0,0,0,0.4,15.1,0,0,0,1.4,0,0,0.6,28.9,0,0,0,0,1.4,0,"Shrub"
"613","WAACOO0010",0,0,0,0,0,0.1,9,0,0,0,0,0,0,5.2,7,0,0,0.9,0.8,16.1,0,"Tussock.grass"
"614","WAACOO0011",0,0,0,0,0.2,0,0.2,0,0,0,0.1,0,0,0,16.5,0,0,0,5.1,0.1,0,"Shrub"
"615","WAACOO0012",0,0,6.1,0,0,0,1.8,0,0,0,0,0,0,0,14.8,0,0,8,21.5,0.1,0,"Tree.Palm"
"616","WAACOO0016",0,0,0,0,0,0,0.4,0,0,0,15.1,0,0,24.9,44.7,1.5,0,0,2.6,0,1.3,"Shrub"
"617","WAACOO0017",0,0,0,0,0,0,0,0,0,0,13.4,0,0,35,38.9,1,0,0,11.1,0.1,0,"Shrub"
"618","WAACOO0018",0,0,0,0,0,0,0.2,0,0,0,13.3,0,0,31,60.2,0,0,0,9.3,0.2,0.4,"Shrub"
"619","WAACOO0019",0,0,0,0,0,0,0.1,0,0,0,17.3,0,0,49.9,40.4,0,0,0,4.7,0.1,0.2,"Sedge"
"620","WAACOO0020",0,0,0,0,0,0,1.8,0,0,0,0,0,0,0,14.2,0,0,4.7,10.1,0.6,0,"Shrub"
"621","WAACOO0021",0,0,1.3,0,0,0,1.5,0,0,0,0,0,0,0,11.4,0,0,0,11.3,0,0,"Shrub"
"622","WAACOO0022",0,0,0,0,0,0,0.2,0,0,0,0,0,0,0,0.9,0,0,16.2,28.9,0,0,"Tree.Palm"
"623","WAACOO0023",0,0,0.1,0,0,0,0.7,0,0,0,0,0,0,0,10.3,0,0,0,19.9,0.6,0,"Tree.Palm"
"624","WAACOO0024",0,0,0,0,0,0.2,0.1,0,0,0,0,0,0,0,66.7,0,0,0,3.5,0.5,0,"Shrub"
"625","WAACOO0025",0,0,1.5,0,0,0,18.5,0,0,0,0,0,0,0,25.6,0,0,0,0,6.8,14.9,"Shrub"
"626","WAACOO0026",0,0,0,0,0,0,0,0,0,0,34.3,0,0,0,50,3.8,0,0,3,0,0.1,"Shrub"
"627","WAACOO0027",0,0,0,0,0,0,0.1,0,0,0,29.6,0,0,5.4,40.3,4,0,0,1,0,0,"Shrub"
"628","WAACOO0028",0,0,0,0,0,0,0.2,0,0,0,21.6,0,0,1.2,45,0.6,0,0,5,0,0,"Shrub"
"629","WAACOO0029",0,0,0,0,0,0,0.2,0,0,0,43.3,0,0,15,43.9,12.2,0,0,2,0,0,"Shrub"
"630","WAACOO0030",0,0,20.3,0,0,0,9.5,0,0,0,0,0,0,0,0,0,0,0,0,12.5,0,"Chenopod"
"631","WAACOO0031",0,0,0,0,0,0,1,0,0,6.9,23.7,0,0,1.1,16.6,1.6,0,0,0,0,0,"Hummock.grass"
"632","WAACOO0032",0,0,0,0,0,0,0.5,0.1,0,7.4,16.9,0,0,3.2,16.4,1.8,0,0,0,0,0.2,"Hummock.grass"
"633","WAADAL0001",0,0,0,0,0,0,3.2,0,0,0,0,0,0,0,1.4,0,0,0,2,65.3,1.5,"Tussock.grass"
"634","WAADAL0002",0,0,0,0,0,0,6.8,0,0,0,0,0,0,0,24.9,0,0,0,4.6,1.1,0.3,"Shrub"
"635","WAADAL0003",0,0,25.7,0,0,0,1.8,0,0,0,0,0,0,0,0,0,0,0,0,22.4,0,"Chenopod"
"636","WAADAL0004",0,0,0,0,0,0,6.2,0,0,0,0,0,0,0,20.4,0,0,0,22.5,12.6,1,"Tree.Palm"
"637","WAADAL0005",0,0,0,0,0,0,1.1,0,0,0,2.4,0,0,0.7,8,0.1,0,0,25.7,62.6,0,"Tussock.grass"
"638","WAAESP0001",0,0,0,0,0,0,3,0,0,4.7,0,0,0.1,12.3,47.3,0.4,0,4.9,0,0.1,0.6,"Shrub"
"639","WAAGAS0001",0,0,0.2,0,0,0,0.2,0,0,0,0,0,0,0.4,1.2,0,0,0,3.3,0.2,0,"Tree.Palm"
"640","WAAGAS0002",0,0,0,0,0,0,6.8,0,0,0,0,0,0,4,0.3,0,0,0,4.7,21.6,0,"Tussock.grass"
"641","WAAGES0001",0,0,0,0,0,0,0.75,0,0,18.85,0.25,0,0,13.2,24.5,0,0,0,0.35,0.35,0.45,"Shrub"
"642","WAAGES0002",0,0,0,0,0,0,7,0,0,13.25,0,0,0,0,34.65,0,0,0.55,1.15,0,0.35,"Shrub"
"643","WAAGES0003",0,0,3,0,0,0.15,18,0,0,0,0,0,0,0,19,0,0,0,11.15,0.65,0.35,"Shrub"
"644","WAAGES0004",0,0,0,0,0,0,0.8,0,0,8,2.8,0,0,10.7,8.7,2.1,0,18.3,0.3,0.6,0.4,"Tree.Mallee"
"645","WAAGES0005",0,0,0,0,0,0,1.2,0,0,32.1,0,0,0,16.6,1.1,0,0,0,0,0.5,0.5,"Heath.shrub"
"646","WAAGSD0001",0,0,0,0,0,0,0.3,0,0,0,38.8,0,0,0,2.2,0,0,0,0,0,0.4,"Hummock.grass"
"647","WAAGVD0001",0,0,2.2,0,0,0,2.3,0,0,0,0,0,0,0,16.1,0,0,0,6.5,2,0,"Shrub"
"648","WAAHAM0001",0,0,14,0,0,0,15,0,0,0,0,0,0,0,26.7,0,0,0,0,0,0,"Shrub"
"649","WAAHAM0002",0,0,12.2,0,0,0,0.4,0,0,0,0,0,0,0,19.2,0,0,0,0.3,6.2,0,"Shrub"
"650","WAAHAM0003",0,0,2,0,0,0,5.6,0,0,0,0,0,0,0,0,0,0,0,0,32.2,0,"Tussock.grass"
"651","WAAHAM0004",0,0,14.2,0,0,0,15.2,0,0,0,0,0,0,0,11.3,0,0,0,0,0.6,0,"Forb"
"652","WAAHAM0005",0,0,9.5,0,0,0,9.6,0,0,0,0,0,0,1.3,44.3,0,0,0,1,0,0.9,"Shrub"
"653","WAAHAM0006",0,0,0,0,0,0,1.1,0,0,0,0,0,0,0,9.9,0.1,0,46,1.1,1.5,0.6,"Tree.Mallee"
"654","WAAJAF0001",0,0,0,1.9,0,2.4,11.3,0,1.3,5,0,0,0.4,5,53.3,0,0,0,32.4,0.1,1.4,"Shrub"
"655","WAAJAF0002",0,0,0,0,0,5,16.7,0,10.8,3,0,0,0.5,6.4,13.4,0,0,0,37.8,0.2,0.3,"Tree.Palm"
"656","WAAJAF0003",0,0.1,0,0,0,0,10.4,0,0,7.6,0,0,0.2,3.3,14.3,0.2,0,10.7,4.9,1,0.1,"Shrub"
"657","WAALSD0001",0,0,0,0,0,0,0,0,0,0,8.5,0,0,0,34.7,0,0,0,0.4,36.8,0.1,"Tussock.grass"
"658","WAALSD0002",0,0,0,0,0,0,0.1,0,0,0,31.5,0,0,0,42.9,0,0,0,0,3.7,0,"Shrub"
"659","WAALSD0003",0,0,0,0,0,0,5,0,0,0,37.3,0,0,0,12.6,0,0,0,0.1,3,4.9,"Hummock.grass"
"660","WAAMAL0001",0,0,0.1,0,0,0,0,0,0,0,0,0,0,0,36.5,3.2,0,17,0,0,0,"Shrub"
"661","WAAMAL0002",0,0,0,0,0,0,2.9,0,0,13.1,0,0,0,9.6,11.7,0.1,0,0,6.2,0.6,0.5,"Heath.shrub"
"662","WAAMAL0003",0,0,0,0,0,0,5,0,0,13.6,0,0,0,6.6,27.4,0,0,0,0,0.1,0.1,"Shrub"
"663","WAAMUR0001",0,0,0.2,0,0,0,0.2,0,0,0,23.3,0,0,0,4,0,0,4.3,7.5,0.4,0,"Hummock.grass"
"664","WAAMUR0002",0,0,0,0,0,0,2.8,0,0,0,20.8,0,0,0,9.7,0,0,0.5,4.1,0.1,0,"Hummock.grass"
"665","WAAMUR0003",0,0,2.1,0,0,0,15,0,0,0,0,0,0,0,14.7,0,0,0,2.3,0.3,1.4,"Forb"
"666","WAAMUR0004",0,0,0,0,0,0,11.8,0,0,0,0,0,0,0,5.2,0,0,0,0.6,7.2,0,"Forb"
"667","WAAMUR0005",0,0,0,0,0,0,8.4,0,0,0,0,0,0,0,6.9,0,0,0,1.3,14,0,"Tussock.grass"
"668","WAAMUR0006",0,0,0,0,0,0,2.5,0,0,0,0,0,0,0,7.6,0,0,0,0.9,1.1,0,"Shrub"
"669","WAAMUR0007",0,0,0.1,0,0,0,35.3,0,0,0,0,0,0,0,11.3,0,0,0,3.4,5,0,"Forb"
"670","WAAMUR0008",0,0,0,0,0,0,7.6,0,0,0,0,0,0,0,5.3,0,0,0,1.7,1.2,0,"Forb"
"671","WAAMUR0028",0,0,0,0,0,0,0.1,0,0,0,46.7,0,0,0,10.1,0.6,0,0,6.6,0.1,0,"Hummock.grass"
"672","WAAMUR0029",0,0,0,0,0,0,0.1,0,0,0,60.4,0,0,0,10.7,0,0,0,2.3,0,0,"Hummock.grass"
"673","WAAMUR0030",0,0,0,0,0,0,0,0,0,0,36.3,0,0,0,12.2,0,0,0.9,2.2,0,0,"Hummock.grass"
"674","WAAMUR0031",0,0,0,0,0,0,0,0,0,0,56.3,0,0,0,10.3,0.9,0,0,3.1,0,0,"Hummock.grass"
"675","WAANOK0001",0,0,0,0,0,0,0.1,0,0,0,0,0,0,0,12.8,0,0,0,24.5,5.1,0,"Tree.Palm"
"676","WAANOK0002",0,0,0,0,0,0,1.5,0,0,0,0,0,0,0,14.4,0,0,0.1,16,9.8,0,"Tree.Palm"
"677","WAANOK0003",0,0,0,0,0,0.3,0.7,0,0,0,0,0,4.3,1,9.6,0,0,0,22.4,28.4,0,"Tussock.grass"
"678","WAANOK0004",0,0,0,0,0,0,7.6,0,0,0,0,0,0,14,11.4,0,0,0,16.2,79.4,4.1,"Tussock.grass"
"679","WAANOK0005",0,0,0,0,0,0,0.3,0,0,0,2.4,0,0,1.8,9.4,0,0,0,9.5,46.4,0,"Tussock.grass"
"680","WAANOK0006",0,0,0,0,0,0.4,2.6,0,0,0,0,0,1.7,4.9,16.4,0,0,0,22.7,22,0,"Tree.Palm"
"681","WAANOK0007",0,0,0,0,0,0,0.9,0,0,0,0,0,0,0,5.6,0,0,0,10.7,42.1,0.7,"Tussock.grass"
"682","WAANOK0008",0,0,0,0,0,0,0.5,0,0,0,0,0,0,0.4,3.2,0,0,0,23.2,69.2,0.4,"Tussock.grass"
"683","WAANUL0001",0,0,27.9,0,0,0,5,0,0,0,0,0,0,0,0,0,0,0,0,2.9,0,"Chenopod"
"684","WAANUL0002",0,0,9.9,0,0,0,13.2,0,0,0,0,0,0,0,0.2,0,0,0,0,12.9,0,"Forb"
"685","WAANUL0003",0,0,11.9,0,0,0,3.9,0,0,0,0,0,0,0,10.8,0,0,0,9.6,3.8,0,"Chenopod"
"686","WAANUL0004",0,0,12.8,0,0,0,8,0,0,0,0,4.3,0,0,2,0,0,0,5.7,2.5,0.1,"Chenopod"
"687","WAANUL0005",0,0,3.4,0,0,0,35.5,0,0,0,0,0,0,0,5.8,0,0,0,0.7,1.1,0,"Forb"
"688","WAANUL0006",0,0,3.4,0,0,0,31.3,0,0,0,0,0,0,0,0,0,0,0.1,0,1,0,"Forb"
"689","WAANUL0007",0,0,1.3,0,0,0,15.8,0,0,0,0,0,0,0,0,0,0,0,0,4.2,15,"Forb"
"690","WAANUL0008",0,0,7.4,0,0,0,3.4,0,0,0,0,0,0,0,0,0,0,0,0,0.5,0,"Chenopod"
"691","WAANUL0009",0,0,16.9,0,0,0,0.9,0,0,0,0,0,0,0,2.8,0,0,0,0,0.3,0,"Chenopod"
"692","WAAPIL0001",0,0,3.1,0,0,0.3,5.4,0,0,0,0.3,0,0,0,14.8,0,0,0,7.2,46.6,0.8,"Tussock.grass"
"693","WAAPIL0002",0,0,0,0,0,0,0,0,0,0,50.9,0,0,0,6.6,0,0,0,6.1,0,0.1,"Hummock.grass"
"694","WAAPIL0003",0,0,0,0,0,0,0.5,0,0,0,0.9,0,0,0,0.4,0.2,0,0.8,0,0.3,0,"Hummock.grass"
"695","WAAPIL0004",0,0,0,0,0,0,7.6,0,0,0,0.3,0,0,0,0.2,0,0,0,0,21.7,0,"Tussock.grass"
"696","WAAPIL0005",0,0,0,0,0,0,0,0,0,0,0,0,0.6,16.8,53.3,0,0,0,43,8.3,4.3,"Shrub"
"697","WAAPIL0006",0,0,0,0,0,0,0,0,0,0,29.2,0,0,0,0.2,0,0,0,7,0,0,"Hummock.grass"
"698","WAAPIL0007",0,0,0,0,0,0,0,0,0,0,27.8,0,0,0,12.9,0,0,0,0,30.5,0,"Tussock.grass"
"699","WAAPIL0008",0,0,0.1,0,0,0,17.2,0,0,0,0,0,0,0.9,0.1,0,0,0,0,26.9,0,"Tussock.grass"
"700","WAAPIL0009",0,0,0,0,0,0,4.5,0,0,0,0,0,0,0,13.9,0,0,0,2.9,37.6,0,"Tussock.grass"
"701","WAAPIL0010",0,0,0,0,0,0,0.7,0,0,0,17.4,0,0,0,19.4,0,0,0,4,0,0,"Shrub"
"702","WAAPIL0011",0,0,1.6,0,0,0,1.3,0,0,0,0.1,0,0,0.1,22.6,0,0,0,0.1,4.1,0,"Shrub"
"703","WAAPIL0012",0,0,0,0,0,0,1,0,0,0,40.6,0,0,0,6.4,0,0,6,0,1.1,0,"Hummock.grass"
"704","WAAPIL0013",0,0,0,0,0,0,1.2,0,0,0,39.7,0,0,0,2.7,0,0,0,5.7,4.8,0,"Hummock.grass"
"705","WAAPIL0014",0,0,0.1,0,0.1,0.2,17.3,0,0,0,0,0,0,0.4,1.9,0,0,0,21.1,19.6,0,"Tree.Palm"
"706","WAAPIL0015",0,0,0,0,0,0,25,0,0,0,0,0,0,0,0,0,0,0,0,41.9,0,"Tussock.grass"
"707","WAAPIL0016",0,0,0,0,0.2,0,9.6,0,0,0,7.8,0,0,0,6.7,0,0,0,52.8,43.8,4.1,"Tree.Palm"
"708","WAAPIL0017",0,0,0,0,0,0,0.4,0,0,0,40.3,0,0,0,10.5,0,0,0,0.9,1,0.7,"Hummock.grass"
"709","WAAPIL0018",0,0,0,0,0,0,0.6,0,0,0,0.6,0,0,0,7.9,0,0,0,7.7,63.3,0,"Tussock.grass"
"710","WAAPIL0019",0,0,1.3,0,0,0,5.6,0,0,0,0,0,0,0,8.2,0,0,0,6.1,10.9,0,"Tussock.grass"
"711","WAAPIL0020",0,0,0,0,0,0,0.3,0,0,0,20.1,0,0,0,2.5,0,0,0,0,0.1,0,"Hummock.grass"
"712","WAAPIL0021",0,0,0.1,0,0,0,0.3,0,0,0,2.2,0,0,0,18.9,0,0,0,1.5,0.6,0,"Shrub"
"713","WAAPIL0022",0,0,0,0,0,0,0.7,0,0,0,13.9,0,0,0,8.9,0,0,0,18.6,0.7,0.2,"Tree.Palm"
"714","WAAPIL0023",0,0,0,0,0,0,2.6,0,0,0,0,0,0,0,12.8,0,0,0,25.1,17.8,0.6,"Tree.Palm"
"715","WAAPIL0024",0,0,1.2,0,0,0.7,4.3,0,0,0,0,0,0,0,11.8,0,0,0,9,10,0.2,"Shrub"
"716","WAAPIL0025",0,0,1.5,0,0.2,0,14,0,0,0,0,0,0,0,11.8,0,0,0,37.6,0.9,4.2,"Tree.Palm"
"717","WAAPIL0026",0,0,9,0,0,0,1.2,0,0,0,0,0,0,0.8,6.4,0,0,0,0.8,4.4,0,"Chenopod"
"718","WAAPIL0027",0,0,0,0,0,0,5,0,0,0,13.7,0,0,0,0.5,0,0,0,0,1.1,0,"Hummock.grass"
"719","WAAPIL0028",0,0,0.8,0,0.1,0,0.2,0,0,0,0,0,0,0,18,0,0,0,3.3,0.5,0,"Shrub"
"720","WAAPIL0029",0,0,0.4,0,1.3,0,1.2,0,0,0,12.6,0,0,0,6.1,0,0,0,26.5,0.8,0.2,"Tree.Palm"
"721","WAAPIL0030",0,0,0.3,0,0,0,3.1,0,0,0,0,0,0,0,0.4,0,0,0,0,39.7,0.2,"Tussock.grass"
"722","WAAPIL0031",0,0,0,0,0,0,0.1,0,0,0,44.8,0,0,0,4,0,0,0.4,8.4,0.9,0.4,"Hummock.grass"
"723","WAAPIL0032",0,0,0,0,0,0.1,0.2,0,0,0,4.7,0,0,2.9,6,0,0,0,0.4,1.4,0,"Shrub"
"724","WAAPIL0033",0,0,2.3,0,0,0,1.4,0,0,0,0,0,0,0,10.9,0,0,0,8.5,13.3,0.4,"Tussock.grass"
"725","WAAPIL0034",0,0,0,0,0,0,6.4,0,0,0,28.1,0,0,0,2.1,0,0,0,0,0,9.6,"Hummock.grass"
"726","WAAPIL0035",0,0,0,0,0,0,1.5,0,0,0,34,0,0,0,1.6,0,0,0,0.7,1.1,0,"Hummock.grass"
"727","WAASWA0001",0,0,0,0,0,0,10.9,0,2,5.9,0,0,0.8,6.3,24.6,0,0,0,25.3,0.3,0,"Tree.Palm"
"728","WAASWA0002",0,0,0,0.2,0,0,4.7,0,0,1.2,0,0,3.9,13.4,15.1,0,0,0,44.3,0.5,0.2,"Tree.Palm"
"729","WAASWA0003",0,0,0,0,0,42.2,44,0,0,0,0,0,0.6,0,1.4,0,0,0,37.4,5.4,0.4,"Forb"
"730","WAASWA0004",0,0,0,0,0,0,13.6,0,4.9,14,0,0,0,2.4,20.8,0,0,0,23.9,0.2,0,"Tree.Palm"
"731","WAAVIB0001",0,0,0,0,0,0,0.5,0,0,0,0,0,0,0.7,0,0,0,0,0,55.9,0,"Tussock.grass"
"732","WAAVIB0002",0,0,0,0,0,0,4.3,0,0,0,19.5,0,0,0.6,7.7,0,0,0,3.8,3.4,0.1,"Hummock.grass"
"733","WAAVIB0003",0,0,0,0,0,0.7,1.4,0,0,0.1,3,0,0,4.7,9,0,0,0,22.7,32.4,0,"Tussock.grass"
"734","WAAVIB0004",0,0,0,0,0,0,5.1,0,0,0,8.5,0,0,0.5,13.2,0,0,0,16.3,43.1,0.4,"Tussock.grass"
"735","WAAYAL0001",0,0,3.4,0,0,0,8.9,0,0,41.9,2.1,0,0.2,0,7,0,0,0,0,0,0.1,"Heath.shrub"
"736","WAAYAL0002",0,0,2.1,0,0,0,7.3,0,0,32.8,0,0,0,0,21.2,0,0,0,0,0,0.4,"Heath.shrub"
"737","WAAYAL0003",0,0,11.7,0,0,0,16.6,0,0,2,2.7,0,0,0,44.4,0,0,0,0,0.2,0.9,"Shrub"
"738","WAAYAL0004",0,0,2.6,0,0,0,10,0,0,1.9,0,0,0,56.7,25,0,0,0,0,0,0.7,"Sedge"
"739","WAAYAL0005",0,0,7.8,0,0,0,19.2,0,0,37.5,0,0,0.2,0,8.1,0,0,0,0,0.7,1.4,"Heath.shrub"
"740","WAAYAL0006",0,0,0,0,0,0.8,15.9,0,0,10.8,0,0,0,0,10.3,0,0,0,5.4,0.3,0.6,"Forb"
"741","WAAYAL0007",0,0,5,0,0,0,11.4,0,0,0,0,0,0,0,8.6,0,0,0,0,0.3,0.5,"Forb"
"742","WAAYAL0008",0,0,0.6,0,0,0,12.9,0,0,0,0,0,0,0,31.3,0,0,0,0.3,0,0.6,"Shrub"
"743","WAGCOO0001",0,0,3.5,0,0,0,0.1,0,0,0,0,0,0,0,4.7,0,0,0,24.4,0.3,0,"Tree.Palm"
"744","WAGCOO0002",0,0,0,0,0,0,0.6,0,0,0,35.8,0,0,0,19.3,5.2,0,0,0,0,0,"Hummock.grass"
"745","WAGCOO0004",0,0,22.2,0,0,0,7.8,0,0,0,0,0,0,0,0,0,0,0,0,11.3,0.1,"Chenopod"
